--------------------------------------------------------
--  파일이 생성됨 - 수요일-4월-28-2021   
--------------------------------------------------------
DROP SEQUENCE "FR0GMARKET"."SEQ_CART_NO";
DROP SEQUENCE "FR0GMARKET"."SEQ_NOTICE_NO";
DROP SEQUENCE "FR0GMARKET"."SEQ_P_ATTACH_NO";
DROP SEQUENCE "FR0GMARKET"."SEQ_P_BOARD_NO";
DROP SEQUENCE "FR0GMARKET"."SEQ_REPLY_NO";
DROP SEQUENCE "FR0GMARKET"."SEQ_R_ATTACH_NO";
DROP SEQUENCE "FR0GMARKET"."SEQ_R_BOARD_NO";
DROP TABLE "FR0GMARKET"."CART" cascade constraints;
DROP TABLE "FR0GMARKET"."MEMBER" cascade constraints;
DROP TABLE "FR0GMARKET"."M_ATTACH" cascade constraints;
DROP TABLE "FR0GMARKET"."M_REVIEW" cascade constraints;
DROP TABLE "FR0GMARKET"."NOTICE" cascade constraints;
DROP TABLE "FR0GMARKET"."P_ATTACH" cascade constraints;
DROP TABLE "FR0GMARKET"."P_BOARD" cascade constraints;
DROP TABLE "FR0GMARKET"."REPLY" cascade constraints;
DROP TABLE "FR0GMARKET"."R_ATTACH" cascade constraints;
DROP TABLE "FR0GMARKET"."R_BOARD" cascade constraints;
--------------------------------------------------------
--  DDL for Sequence SEQ_CART_NO
--------------------------------------------------------

   CREATE SEQUENCE  "FR0GMARKET"."SEQ_CART_NO"  MINVALUE 1 MAXVALUE 9999999999999999999999999999 INCREMENT BY 1 START WITH 81 CACHE 20 NOORDER  NOCYCLE ;
--------------------------------------------------------
--  DDL for Sequence SEQ_NOTICE_NO
--------------------------------------------------------

   CREATE SEQUENCE  "FR0GMARKET"."SEQ_NOTICE_NO"  MINVALUE 1 MAXVALUE 9999999999999999999999999999 INCREMENT BY 1 START WITH 81 CACHE 20 NOORDER  NOCYCLE ;
--------------------------------------------------------
--  DDL for Sequence SEQ_P_ATTACH_NO
--------------------------------------------------------

   CREATE SEQUENCE  "FR0GMARKET"."SEQ_P_ATTACH_NO"  MINVALUE 1 MAXVALUE 9999999999999999999999999999 INCREMENT BY 1 START WITH 101 CACHE 20 NOORDER  NOCYCLE ;
--------------------------------------------------------
--  DDL for Sequence SEQ_P_BOARD_NO
--------------------------------------------------------

   CREATE SEQUENCE  "FR0GMARKET"."SEQ_P_BOARD_NO"  MINVALUE 1 MAXVALUE 9999999999999999999999999999 INCREMENT BY 1 START WITH 81 CACHE 20 NOORDER  NOCYCLE ;
--------------------------------------------------------
--  DDL for Sequence SEQ_REPLY_NO
--------------------------------------------------------

   CREATE SEQUENCE  "FR0GMARKET"."SEQ_REPLY_NO"  MINVALUE 1 MAXVALUE 9999999999999999999999999999 INCREMENT BY 1 START WITH 81 CACHE 20 NOORDER  NOCYCLE ;
--------------------------------------------------------
--  DDL for Sequence SEQ_R_ATTACH_NO
--------------------------------------------------------

   CREATE SEQUENCE  "FR0GMARKET"."SEQ_R_ATTACH_NO"  MINVALUE 1 MAXVALUE 9999999999999999999999999999 INCREMENT BY 1 START WITH 41 CACHE 20 NOORDER  NOCYCLE ;
--------------------------------------------------------
--  DDL for Sequence SEQ_R_BOARD_NO
--------------------------------------------------------

   CREATE SEQUENCE  "FR0GMARKET"."SEQ_R_BOARD_NO"  MINVALUE 1 MAXVALUE 9999999999999999999999999999 INCREMENT BY 1 START WITH 41 CACHE 20 NOORDER  NOCYCLE ;
--------------------------------------------------------
--  DDL for Table CART
--------------------------------------------------------

  CREATE TABLE "FR0GMARKET"."CART" 
   (	"BASKET_NO" NUMBER, 
	"MEMBER_ID" VARCHAR2(15 BYTE), 
	"BOARD_NO" NUMBER, 
	"REG_DATE" DATE DEFAULT sysdate
   ) SEGMENT CREATION IMMEDIATE 
  PCTFREE 10 PCTUSED 40 INITRANS 1 MAXTRANS 255 NOCOMPRESS LOGGING
  STORAGE(INITIAL 65536 NEXT 1048576 MINEXTENTS 1 MAXEXTENTS 2147483645
  PCTINCREASE 0 FREELISTS 1 FREELIST GROUPS 1 BUFFER_POOL DEFAULT FLASH_CACHE DEFAULT CELL_FLASH_CACHE DEFAULT)
  TABLESPACE "USERS" ;
--------------------------------------------------------
--  DDL for Table MEMBER
--------------------------------------------------------

  CREATE TABLE "FR0GMARKET"."MEMBER" 
   (	"MEMBER_ID" VARCHAR2(15 BYTE), 
	"PASSWORD" VARCHAR2(14 BYTE), 
	"MEMBER_ROLE" CHAR(1 BYTE) DEFAULT 'U', 
	"PHONE" VARCHAR2(11 BYTE), 
	"EMAIL" VARCHAR2(30 BYTE), 
	"ENROLL_DATE" DATE DEFAULT sysdate, 
	"GOOD_SCORE" NUMBER, 
	"NICK_ID" VARCHAR2(50 BYTE), 
	"ICON" VARCHAR2(255 BYTE)
   ) SEGMENT CREATION IMMEDIATE 
  PCTFREE 10 PCTUSED 40 INITRANS 1 MAXTRANS 255 NOCOMPRESS LOGGING
  STORAGE(INITIAL 65536 NEXT 1048576 MINEXTENTS 1 MAXEXTENTS 2147483645
  PCTINCREASE 0 FREELISTS 1 FREELIST GROUPS 1 BUFFER_POOL DEFAULT FLASH_CACHE DEFAULT CELL_FLASH_CACHE DEFAULT)
  TABLESPACE "USERS" ;
--------------------------------------------------------
--  DDL for Table M_ATTACH
--------------------------------------------------------

  CREATE TABLE "FR0GMARKET"."M_ATTACH" 
   (	"NO" NUMBER, 
	"MEMBER_ID" VARCHAR2(15 BYTE), 
	"ORIGINAL_FILENAME" VARCHAR2(200 BYTE), 
	"RENAMED_FILENAME" VARCHAR2(255 BYTE)
   ) SEGMENT CREATION IMMEDIATE 
  PCTFREE 10 PCTUSED 40 INITRANS 1 MAXTRANS 255 NOCOMPRESS LOGGING
  STORAGE(INITIAL 65536 NEXT 1048576 MINEXTENTS 1 MAXEXTENTS 2147483645
  PCTINCREASE 0 FREELISTS 1 FREELIST GROUPS 1 BUFFER_POOL DEFAULT FLASH_CACHE DEFAULT CELL_FLASH_CACHE DEFAULT)
  TABLESPACE "USERS" ;
--------------------------------------------------------
--  DDL for Table M_REVIEW
--------------------------------------------------------

  CREATE TABLE "FR0GMARKET"."M_REVIEW" 
   (	"AFTER_COMMENT_NO" VARCHAR2(200 BYTE), 
	"MEMBER_ID" VARCHAR2(15 BYTE), 
	"AFTER_COMMENT" VARCHAR2(255 BYTE), 
	"REG_DATE" DATE DEFAULT sysdate
   ) SEGMENT CREATION IMMEDIATE 
  PCTFREE 10 PCTUSED 40 INITRANS 1 MAXTRANS 255 NOCOMPRESS LOGGING
  STORAGE(INITIAL 65536 NEXT 1048576 MINEXTENTS 1 MAXEXTENTS 2147483645
  PCTINCREASE 0 FREELISTS 1 FREELIST GROUPS 1 BUFFER_POOL DEFAULT FLASH_CACHE DEFAULT CELL_FLASH_CACHE DEFAULT)
  TABLESPACE "USERS" ;
--------------------------------------------------------
--  DDL for Table NOTICE
--------------------------------------------------------

  CREATE TABLE "FR0GMARKET"."NOTICE" 
   (	"NO" NUMBER, 
	"BOARD_NO" NUMBER, 
	"SENDER_ID" VARCHAR2(50 BYTE), 
	"RECEIVER_ID" VARCHAR2(15 BYTE), 
	"TITLE" VARCHAR2(100 BYTE), 
	"CONTENT" VARCHAR2(200 BYTE)
   ) SEGMENT CREATION IMMEDIATE 
  PCTFREE 10 PCTUSED 40 INITRANS 1 MAXTRANS 255 NOCOMPRESS LOGGING
  STORAGE(INITIAL 65536 NEXT 1048576 MINEXTENTS 1 MAXEXTENTS 2147483645
  PCTINCREASE 0 FREELISTS 1 FREELIST GROUPS 1 BUFFER_POOL DEFAULT FLASH_CACHE DEFAULT CELL_FLASH_CACHE DEFAULT)
  TABLESPACE "USERS" ;
--------------------------------------------------------
--  DDL for Table P_ATTACH
--------------------------------------------------------

  CREATE TABLE "FR0GMARKET"."P_ATTACH" 
   (	"NO" NUMBER, 
	"BOARD_NO" NUMBER, 
	"ORIGINAL_FILENAME" VARCHAR2(255 BYTE), 
	"RENAMED_FILENAME" VARCHAR2(255 BYTE)
   ) SEGMENT CREATION IMMEDIATE 
  PCTFREE 10 PCTUSED 40 INITRANS 1 MAXTRANS 255 NOCOMPRESS LOGGING
  STORAGE(INITIAL 65536 NEXT 1048576 MINEXTENTS 1 MAXEXTENTS 2147483645
  PCTINCREASE 0 FREELISTS 1 FREELIST GROUPS 1 BUFFER_POOL DEFAULT FLASH_CACHE DEFAULT CELL_FLASH_CACHE DEFAULT)
  TABLESPACE "USERS" ;
--------------------------------------------------------
--  DDL for Table P_BOARD
--------------------------------------------------------

  CREATE TABLE "FR0GMARKET"."P_BOARD" 
   (	"BOARD_NO" NUMBER, 
	"SELLER_ID" VARCHAR2(15 BYTE), 
	"TITLE" VARCHAR2(100 BYTE), 
	"STATUS" VARCHAR2(10 BYTE), 
	"SELL_PRICE" NUMBER, 
	"DESCRIPTION" VARCHAR2(2000 BYTE), 
	"REG_DATE" DATE DEFAULT sysdate, 
	"AREA_INFO" VARCHAR2(100 BYTE)
   ) SEGMENT CREATION IMMEDIATE 
  PCTFREE 10 PCTUSED 40 INITRANS 1 MAXTRANS 255 NOCOMPRESS LOGGING
  STORAGE(INITIAL 65536 NEXT 1048576 MINEXTENTS 1 MAXEXTENTS 2147483645
  PCTINCREASE 0 FREELISTS 1 FREELIST GROUPS 1 BUFFER_POOL DEFAULT FLASH_CACHE DEFAULT CELL_FLASH_CACHE DEFAULT)
  TABLESPACE "USERS" ;

   COMMENT ON COLUMN "FR0GMARKET"."P_BOARD"."BOARD_NO" IS '게시글 번호';
   COMMENT ON TABLE "FR0GMARKET"."P_BOARD"  IS '상품 게시판';
--------------------------------------------------------
--  DDL for Table REPLY
--------------------------------------------------------

  CREATE TABLE "FR0GMARKET"."REPLY" 
   (	"NO" NUMBER, 
	"BOARD_NO" NUMBER, 
	"MEMBER_ID" VARCHAR2(15 BYTE), 
	"CONTENT" VARCHAR2(200 BYTE), 
	"REG_DATE" DATE DEFAULT sysdate
   ) SEGMENT CREATION IMMEDIATE 
  PCTFREE 10 PCTUSED 40 INITRANS 1 MAXTRANS 255 NOCOMPRESS LOGGING
  STORAGE(INITIAL 65536 NEXT 1048576 MINEXTENTS 1 MAXEXTENTS 2147483645
  PCTINCREASE 0 FREELISTS 1 FREELIST GROUPS 1 BUFFER_POOL DEFAULT FLASH_CACHE DEFAULT CELL_FLASH_CACHE DEFAULT)
  TABLESPACE "USERS" ;
--------------------------------------------------------
--  DDL for Table R_ATTACH
--------------------------------------------------------

  CREATE TABLE "FR0GMARKET"."R_ATTACH" 
   (	"NO" NUMBER, 
	"REPORT_NO" NUMBER, 
	"ORIGINAL_FILENAME" VARCHAR2(255 BYTE), 
	"RENAMED_FILENAME" VARCHAR2(255 BYTE), 
	"REG_DATE" DATE DEFAULT sysdate
   ) SEGMENT CREATION IMMEDIATE 
  PCTFREE 10 PCTUSED 40 INITRANS 1 MAXTRANS 255 NOCOMPRESS LOGGING
  STORAGE(INITIAL 65536 NEXT 1048576 MINEXTENTS 1 MAXEXTENTS 2147483645
  PCTINCREASE 0 FREELISTS 1 FREELIST GROUPS 1 BUFFER_POOL DEFAULT FLASH_CACHE DEFAULT CELL_FLASH_CACHE DEFAULT)
  TABLESPACE "USERS" ;
--------------------------------------------------------
--  DDL for Table R_BOARD
--------------------------------------------------------

  CREATE TABLE "FR0GMARKET"."R_BOARD" 
   (	"REPORT_NO" NUMBER, 
	"MEMBER_ID" VARCHAR2(15 BYTE), 
	"MEMBER_REPORT_ID" VARCHAR2(15 BYTE), 
	"REG_DATE" DATE DEFAULT sysdate, 
	"CONTENT" VARCHAR2(200 BYTE)
   ) SEGMENT CREATION IMMEDIATE 
  PCTFREE 10 PCTUSED 40 INITRANS 1 MAXTRANS 255 NOCOMPRESS LOGGING
  STORAGE(INITIAL 65536 NEXT 1048576 MINEXTENTS 1 MAXEXTENTS 2147483645
  PCTINCREASE 0 FREELISTS 1 FREELIST GROUPS 1 BUFFER_POOL DEFAULT FLASH_CACHE DEFAULT CELL_FLASH_CACHE DEFAULT)
  TABLESPACE "USERS" ;
REM INSERTING into FR0GMARKET.CART
SET DEFINE OFF;
Insert into FR0GMARKET.CART (BASKET_NO,MEMBER_ID,BOARD_NO,REG_DATE) values (2,'frog1',28,to_date('21/04/26','RR/MM/DD'));
Insert into FR0GMARKET.CART (BASKET_NO,MEMBER_ID,BOARD_NO,REG_DATE) values (3,'frog1',26,to_date('21/04/26','RR/MM/DD'));
Insert into FR0GMARKET.CART (BASKET_NO,MEMBER_ID,BOARD_NO,REG_DATE) values (4,'frog2',28,to_date('21/04/26','RR/MM/DD'));
Insert into FR0GMARKET.CART (BASKET_NO,MEMBER_ID,BOARD_NO,REG_DATE) values (14,'u1zang',14,to_date('21/04/26','RR/MM/DD'));
Insert into FR0GMARKET.CART (BASKET_NO,MEMBER_ID,BOARD_NO,REG_DATE) values (19,'newuser',44,to_date('21/04/26','RR/MM/DD'));
Insert into FR0GMARKET.CART (BASKET_NO,MEMBER_ID,BOARD_NO,REG_DATE) values (8,'u1zang',42,to_date('21/04/26','RR/MM/DD'));
Insert into FR0GMARKET.CART (BASKET_NO,MEMBER_ID,BOARD_NO,REG_DATE) values (9,'u1zang',41,to_date('21/04/26','RR/MM/DD'));
Insert into FR0GMARKET.CART (BASKET_NO,MEMBER_ID,BOARD_NO,REG_DATE) values (10,'u1zang',40,to_date('21/04/26','RR/MM/DD'));
Insert into FR0GMARKET.CART (BASKET_NO,MEMBER_ID,BOARD_NO,REG_DATE) values (11,'u1zang',35,to_date('21/04/26','RR/MM/DD'));
Insert into FR0GMARKET.CART (BASKET_NO,MEMBER_ID,BOARD_NO,REG_DATE) values (12,'u1zang',21,to_date('21/04/26','RR/MM/DD'));
Insert into FR0GMARKET.CART (BASKET_NO,MEMBER_ID,BOARD_NO,REG_DATE) values (16,'u1zang',23,to_date('21/04/26','RR/MM/DD'));
Insert into FR0GMARKET.CART (BASKET_NO,MEMBER_ID,BOARD_NO,REG_DATE) values (21,'newuser',30,to_date('21/04/26','RR/MM/DD'));
Insert into FR0GMARKET.CART (BASKET_NO,MEMBER_ID,BOARD_NO,REG_DATE) values (20,'newuser',35,to_date('21/04/26','RR/MM/DD'));
Insert into FR0GMARKET.CART (BASKET_NO,MEMBER_ID,BOARD_NO,REG_DATE) values (22,'newuser2',38,to_date('21/04/26','RR/MM/DD'));
Insert into FR0GMARKET.CART (BASKET_NO,MEMBER_ID,BOARD_NO,REG_DATE) values (23,'newuser2',34,to_date('21/04/26','RR/MM/DD'));
Insert into FR0GMARKET.CART (BASKET_NO,MEMBER_ID,BOARD_NO,REG_DATE) values (24,'newuser2',19,to_date('21/04/26','RR/MM/DD'));
Insert into FR0GMARKET.CART (BASKET_NO,MEMBER_ID,BOARD_NO,REG_DATE) values (26,'mini12',45,to_date('21/04/26','RR/MM/DD'));
Insert into FR0GMARKET.CART (BASKET_NO,MEMBER_ID,BOARD_NO,REG_DATE) values (27,'newuser3',11,to_date('21/04/26','RR/MM/DD'));
Insert into FR0GMARKET.CART (BASKET_NO,MEMBER_ID,BOARD_NO,REG_DATE) values (28,'newuser3',25,to_date('21/04/26','RR/MM/DD'));
Insert into FR0GMARKET.CART (BASKET_NO,MEMBER_ID,BOARD_NO,REG_DATE) values (29,'mini12',39,to_date('21/04/26','RR/MM/DD'));
Insert into FR0GMARKET.CART (BASKET_NO,MEMBER_ID,BOARD_NO,REG_DATE) values (30,'mini12',41,to_date('21/04/26','RR/MM/DD'));
Insert into FR0GMARKET.CART (BASKET_NO,MEMBER_ID,BOARD_NO,REG_DATE) values (34,'star-wife',11,to_date('21/04/26','RR/MM/DD'));
Insert into FR0GMARKET.CART (BASKET_NO,MEMBER_ID,BOARD_NO,REG_DATE) values (44,'sinsa',44,to_date('21/04/26','RR/MM/DD'));
Insert into FR0GMARKET.CART (BASKET_NO,MEMBER_ID,BOARD_NO,REG_DATE) values (25,'newuser3',4,to_date('21/04/26','RR/MM/DD'));
Insert into FR0GMARKET.CART (BASKET_NO,MEMBER_ID,BOARD_NO,REG_DATE) values (38,'star-wife',27,to_date('21/04/26','RR/MM/DD'));
Insert into FR0GMARKET.CART (BASKET_NO,MEMBER_ID,BOARD_NO,REG_DATE) values (63,'honggd',51,to_date('21/04/28','RR/MM/DD'));
Insert into FR0GMARKET.CART (BASKET_NO,MEMBER_ID,BOARD_NO,REG_DATE) values (46,'rabbit',50,to_date('21/04/26','RR/MM/DD'));
REM INSERTING into FR0GMARKET.MEMBER
SET DEFINE OFF;
Insert into FR0GMARKET.MEMBER (MEMBER_ID,PASSWORD,MEMBER_ROLE,PHONE,EMAIL,ENROLL_DATE,GOOD_SCORE,NICK_ID,ICON) values ('Aguest','1234','A','01090239523','Aguest@gmail.com',to_date('21/04/26','RR/MM/DD'),0,'관리자','icon10.jpg');
Insert into FR0GMARKET.MEMBER (MEMBER_ID,PASSWORD,MEMBER_ROLE,PHONE,EMAIL,ENROLL_DATE,GOOD_SCORE,NICK_ID,ICON) values ('a','a','U','aa','a',to_date('21/04/28','RR/MM/DD'),0,'aa','icon6.jpg');
Insert into FR0GMARKET.MEMBER (MEMBER_ID,PASSWORD,MEMBER_ROLE,PHONE,EMAIL,ENROLL_DATE,GOOD_SCORE,NICK_ID,ICON) values ('tt12','1234','U','01042453394','tt4321@naver.com',to_date('21/04/26','RR/MM/DD'),0,'제와피','icon2.jpg');
Insert into FR0GMARKET.MEMBER (MEMBER_ID,PASSWORD,MEMBER_ROLE,PHONE,EMAIL,ENROLL_DATE,GOOD_SCORE,NICK_ID,ICON) values ('newuser3','1234','U','01034563456','ccc@gmail.com',to_date('21/04/26','RR/MM/DD'),0,'새유저3','icon1.jpg');
Insert into FR0GMARKET.MEMBER (MEMBER_ID,PASSWORD,MEMBER_ROLE,PHONE,EMAIL,ENROLL_DATE,GOOD_SCORE,NICK_ID,ICON) values ('rabbit','karrot','U','01022223333','rabbit@karrotmarket.com',to_date('21/04/26','RR/MM/DD'),3,'중고나라장인','icon8.jpg');
Insert into FR0GMARKET.MEMBER (MEMBER_ID,PASSWORD,MEMBER_ROLE,PHONE,EMAIL,ENROLL_DATE,GOOD_SCORE,NICK_ID,ICON) values ('admin8','1234','A','01012341234','abc@gmail.com',to_date('21/04/26','RR/MM/DD'),10,'관리자8',null);
Insert into FR0GMARKET.MEMBER (MEMBER_ID,PASSWORD,MEMBER_ROLE,PHONE,EMAIL,ENROLL_DATE,GOOD_SCORE,NICK_ID,ICON) values ('newuser2','1234','U','01023452345','example@gmail.com',to_date('21/04/26','RR/MM/DD'),0,'새유저2','icon11.jpg');
Insert into FR0GMARKET.MEMBER (MEMBER_ID,PASSWORD,MEMBER_ROLE,PHONE,EMAIL,ENROLL_DATE,GOOD_SCORE,NICK_ID,ICON) values ('kisang','1234','A','01012341234','pooloom1001@naver.com',to_date('21/04/26','RR/MM/DD'),0,'관리자','icon2.jpg');
Insert into FR0GMARKET.MEMBER (MEMBER_ID,PASSWORD,MEMBER_ROLE,PHONE,EMAIL,ENROLL_DATE,GOOD_SCORE,NICK_ID,ICON) values ('frog1','1234','U','01012341234','frog1@naver.com',to_date('21/04/26','RR/MM/DD'),2,'개굴1','icon12.jpg');
Insert into FR0GMARKET.MEMBER (MEMBER_ID,PASSWORD,MEMBER_ROLE,PHONE,EMAIL,ENROLL_DATE,GOOD_SCORE,NICK_ID,ICON) values ('frogtest','1234','U','01045672187','frogtest@naver.com',to_date('21/04/28','RR/MM/DD'),0,'개구리','icon10.jpg');
Insert into FR0GMARKET.MEMBER (MEMBER_ID,PASSWORD,MEMBER_ROLE,PHONE,EMAIL,ENROLL_DATE,GOOD_SCORE,NICK_ID,ICON) values ('admin01','1234','A','01012341234','admin01@google.com',to_date('21/04/26','RR/MM/DD'),0,'admin01',null);
Insert into FR0GMARKET.MEMBER (MEMBER_ID,PASSWORD,MEMBER_ROLE,PHONE,EMAIL,ENROLL_DATE,GOOD_SCORE,NICK_ID,ICON) values ('qwerty','1234','U','01012341234','qwerty@google.com',to_date('21/04/26','RR/MM/DD'),0,'쿠어티','icon1.jpg');
Insert into FR0GMARKET.MEMBER (MEMBER_ID,PASSWORD,MEMBER_ROLE,PHONE,EMAIL,ENROLL_DATE,GOOD_SCORE,NICK_ID,ICON) values ('honggd','1234','U','01012341235','honggd@google.com',to_date('21/04/26','RR/MM/DD'),0,'홍길동','icon11.jpg');
Insert into FR0GMARKET.MEMBER (MEMBER_ID,PASSWORD,MEMBER_ROLE,PHONE,EMAIL,ENROLL_DATE,GOOD_SCORE,NICK_ID,ICON) values ('mini12','1234','U','01099420453','mini12@gmail.com',to_date('21/04/26','RR/MM/DD'),1,'부리또','icon7.jpg');
Insert into FR0GMARKET.MEMBER (MEMBER_ID,PASSWORD,MEMBER_ROLE,PHONE,EMAIL,ENROLL_DATE,GOOD_SCORE,NICK_ID,ICON) values ('gatekeeper','7777','A','01015975328','dd@frogmarket.com',to_date('21/04/26','RR/MM/DD'),0,'문지기',null);
Insert into FR0GMARKET.MEMBER (MEMBER_ID,PASSWORD,MEMBER_ROLE,PHONE,EMAIL,ENROLL_DATE,GOOD_SCORE,NICK_ID,ICON) values ('sinsa','1234','U','01043214321','sinsa@naver.com',to_date('21/04/26','RR/MM/DD'),0,'신사임당','icon1.jpg');
Insert into FR0GMARKET.MEMBER (MEMBER_ID,PASSWORD,MEMBER_ROLE,PHONE,EMAIL,ENROLL_DATE,GOOD_SCORE,NICK_ID,ICON) values ('newuser','1234','U','01012341234','aaa@gmail.com',to_date('21/04/26','RR/MM/DD'),3,'새유저11','icon3.jpg');
Insert into FR0GMARKET.MEMBER (MEMBER_ID,PASSWORD,MEMBER_ROLE,PHONE,EMAIL,ENROLL_DATE,GOOD_SCORE,NICK_ID,ICON) values ('u1zang','1234','U','01039423845','u1zang@naver.com',to_date('21/04/26','RR/MM/DD'),0,'장그래','icon8.jpg');
Insert into FR0GMARKET.MEMBER (MEMBER_ID,PASSWORD,MEMBER_ROLE,PHONE,EMAIL,ENROLL_DATE,GOOD_SCORE,NICK_ID,ICON) values ('star-wife','nagaraja','U','01014796325','star-wife@eastsea.gov',to_date('21/04/26','RR/MM/DD'),0,'별난주부','icon12.jpg');
Insert into FR0GMARKET.MEMBER (MEMBER_ID,PASSWORD,MEMBER_ROLE,PHONE,EMAIL,ENROLL_DATE,GOOD_SCORE,NICK_ID,ICON) values ('Alice','carol','U','01015979548','caroline@gmail.com',to_date('21/04/26','RR/MM/DD'),1,'이상한애','icon10.jpg');
Insert into FR0GMARKET.MEMBER (MEMBER_ID,PASSWORD,MEMBER_ROLE,PHONE,EMAIL,ENROLL_DATE,GOOD_SCORE,NICK_ID,ICON) values ('frog2','1234','U','01012341234','frog2@naver.com',to_date('21/04/26','RR/MM/DD'),0,'개굴2','icon12.jpg');
Insert into FR0GMARKET.MEMBER (MEMBER_ID,PASSWORD,MEMBER_ROLE,PHONE,EMAIL,ENROLL_DATE,GOOD_SCORE,NICK_ID,ICON) values ('frog3','1234','U','01012341234','frog3@naver.com',to_date('21/04/26','RR/MM/DD'),0,'개굴3','icon4.jpg');
REM INSERTING into FR0GMARKET.M_ATTACH
SET DEFINE OFF;
REM INSERTING into FR0GMARKET.M_REVIEW
SET DEFINE OFF;
REM INSERTING into FR0GMARKET.NOTICE
SET DEFINE OFF;
Insert into FR0GMARKET.NOTICE (NO,BOARD_NO,SENDER_ID,RECEIVER_ID,TITLE,CONTENT) values (4,19,'frog1','qwerty','뒷판 깨진 아이폰12 팝니다.','너무 비싼데 네고 가능할까요~?');
Insert into FR0GMARKET.NOTICE (NO,BOARD_NO,SENDER_ID,RECEIVER_ID,TITLE,CONTENT) values (5,29,'sinsa','newuser3','카메라 팝니다','삽니다. 전화번호는 010-4321-4321입니다. ');
Insert into FR0GMARKET.NOTICE (NO,BOARD_NO,SENDER_ID,RECEIVER_ID,TITLE,CONTENT) values (6,31,'frog2','Aguest','안마기 팔아버립니다','밑에는 12만원에 파는데 20만원은 너무 비싼 것? 같아요 ㅠㅠ 네고 가능할까요');
Insert into FR0GMARKET.NOTICE (NO,BOARD_NO,SENDER_ID,RECEIVER_ID,TITLE,CONTENT) values (7,27,'Aguest','frog1','개구리안대','사고싶습니다 문자드렸어요');
Insert into FR0GMARKET.NOTICE (NO,BOARD_NO,SENDER_ID,RECEIVER_ID,TITLE,CONTENT) values (8,16,'Aguest','newuser2','샌들 비싼거 팝니다(신발)','문자 남겨요');
Insert into FR0GMARKET.NOTICE (NO,BOARD_NO,SENDER_ID,RECEIVER_ID,TITLE,CONTENT) values (9,29,'Aguest','newuser3','카메라 팝니다','안팔렸나요? 010********');
Insert into FR0GMARKET.NOTICE (NO,BOARD_NO,SENDER_ID,RECEIVER_ID,TITLE,CONTENT) values (10,2,'newuser3','mini12','신발 새거 팝니다','저도 사고 싶어요');
Insert into FR0GMARKET.NOTICE (NO,BOARD_NO,SENDER_ID,RECEIVER_ID,TITLE,CONTENT) values (11,36,'mini12','frog2','1인용 소파 팝니다','대박 문자드렸습니다');
Insert into FR0GMARKET.NOTICE (NO,BOARD_NO,SENDER_ID,RECEIVER_ID,TITLE,CONTENT) values (12,30,'mini12','sinsa','고양이용 칫솔 팝니다.','가격 잘못 입력하신 거 아닌가요? 일단 문자 드렸습니다');
Insert into FR0GMARKET.NOTICE (NO,BOARD_NO,SENDER_ID,RECEIVER_ID,TITLE,CONTENT) values (15,23,'sinsa','newuser3','게이밍 의자 팝니다','문자 남겼습니다. 확인해주세요');
Insert into FR0GMARKET.NOTICE (NO,BOARD_NO,SENDER_ID,RECEIVER_ID,TITLE,CONTENT) values (17,37,'tt12','rabbit','급수범프 팔아요.','문자 드렸습니다');
Insert into FR0GMARKET.NOTICE (NO,BOARD_NO,SENDER_ID,RECEIVER_ID,TITLE,CONTENT) values (21,40,'tt12','frog1','조던 나이키 신발 팝니다','연락 드렸습니다');
Insert into FR0GMARKET.NOTICE (NO,BOARD_NO,SENDER_ID,RECEIVER_ID,TITLE,CONTENT) values (26,9,'frog3','honggd','버즈프로 팝니다.','아이팟이랑 교환 혹시 가능할까요?');
Insert into FR0GMARKET.NOTICE (NO,BOARD_NO,SENDER_ID,RECEIVER_ID,TITLE,CONTENT) values (28,6,'newuser','honggd','갤럭시S21 팝니다.','저 사고싶습니다 https://open.kakao.com/o/12dnng3');
Insert into FR0GMARKET.NOTICE (NO,BOARD_NO,SENDER_ID,RECEIVER_ID,TITLE,CONTENT) values (29,34,'newuser','frog2','삼성 노트북 팝니다','모델명이 어떻게 되나요?');
Insert into FR0GMARKET.NOTICE (NO,BOARD_NO,SENDER_ID,RECEIVER_ID,TITLE,CONTENT) values (31,10,'newuser','tt12','안마기 팔아요','18만원에도 파나요?');
Insert into FR0GMARKET.NOTICE (NO,BOARD_NO,SENDER_ID,RECEIVER_ID,TITLE,CONTENT) values (32,21,'u1zang','sinsa','고양이 캣타워 팝니다.','연락남겨용');
Insert into FR0GMARKET.NOTICE (NO,BOARD_NO,SENDER_ID,RECEIVER_ID,TITLE,CONTENT) values (33,36,'u1zang','frog2','1인용 소파 팝니다','연락남겨용');
Insert into FR0GMARKET.NOTICE (NO,BOARD_NO,SENDER_ID,RECEIVER_ID,TITLE,CONTENT) values (34,15,'u1zang','tt12','청소기 팝니다','문자 남겨요');
Insert into FR0GMARKET.NOTICE (NO,BOARD_NO,SENDER_ID,RECEIVER_ID,TITLE,CONTENT) values (35,3,'u1zang','honggd','안 쓰는 고양이 장난감 팝니다.','010********연락주세요');
Insert into FR0GMARKET.NOTICE (NO,BOARD_NO,SENDER_ID,RECEIVER_ID,TITLE,CONTENT) values (36,41,'u1zang','frog3','쿠쿠 전기밥솥 10인용 팝니다','사고싶습니다');
Insert into FR0GMARKET.NOTICE (NO,BOARD_NO,SENDER_ID,RECEIVER_ID,TITLE,CONTENT) values (37,14,'u1zang','qwerty','아이폰12 팝니다','010********연락바람');
Insert into FR0GMARKET.NOTICE (NO,BOARD_NO,SENDER_ID,RECEIVER_ID,TITLE,CONTENT) values (38,23,'u1zang','newuser3','게이밍 의자 팝니다','저도 문자 남겨요');
Insert into FR0GMARKET.NOTICE (NO,BOARD_NO,SENDER_ID,RECEIVER_ID,TITLE,CONTENT) values (39,38,'u1zang','frog2','갤럭시 S10 상태S급 팝니다','문자 남겨요');
Insert into FR0GMARKET.NOTICE (NO,BOARD_NO,SENDER_ID,RECEIVER_ID,TITLE,CONTENT) values (41,43,'sinsa','frog3','미키마우스 마우스 팝니다','택배 안되나요');
Insert into FR0GMARKET.NOTICE (NO,BOARD_NO,SENDER_ID,RECEIVER_ID,TITLE,CONTENT) values (42,38,'qwerty','frog2','갤럭시 S10 상태S급 팝니다','네고 가능한가요');
Insert into FR0GMARKET.NOTICE (NO,BOARD_NO,SENDER_ID,RECEIVER_ID,TITLE,CONTENT) values (43,40,'qwerty','frog1','조던 나이키 신발 팝니다','비싸네요');
Insert into FR0GMARKET.NOTICE (NO,BOARD_NO,SENDER_ID,RECEIVER_ID,TITLE,CONTENT) values (44,30,'qwerty','sinsa','고양이용 칫솔 팝니다.','칫솔쓰던거를 파나요?');
Insert into FR0GMARKET.NOTICE (NO,BOARD_NO,SENDER_ID,RECEIVER_ID,TITLE,CONTENT) values (45,45,'mini12','star-wife','전에 쓰던 등껍질 팔아요.','탐나네요 연락드립니다');
Insert into FR0GMARKET.NOTICE (NO,BOARD_NO,SENDER_ID,RECEIVER_ID,TITLE,CONTENT) values (47,11,'star-wife','tt12','낚시용 신발 팝니다','연락 드렸어요.');
Insert into FR0GMARKET.NOTICE (NO,BOARD_NO,SENDER_ID,RECEIVER_ID,TITLE,CONTENT) values (1,2,'honggd','mini12','신발 새거 팝니다','삽니다');
Insert into FR0GMARKET.NOTICE (NO,BOARD_NO,SENDER_ID,RECEIVER_ID,TITLE,CONTENT) values (2,5,'honggd','newuser','운동화 팝니다','살게요.');
Insert into FR0GMARKET.NOTICE (NO,BOARD_NO,SENDER_ID,RECEIVER_ID,TITLE,CONTENT) values (3,10,'honggd','tt12','안마기 팔아요','비싸요');
Insert into FR0GMARKET.NOTICE (NO,BOARD_NO,SENDER_ID,RECEIVER_ID,TITLE,CONTENT) values (13,9,'mini12','honggd','버즈프로 팝니다.','문자 드렸습니다');
Insert into FR0GMARKET.NOTICE (NO,BOARD_NO,SENDER_ID,RECEIVER_ID,TITLE,CONTENT) values (14,3,'newuser3','honggd','안 쓰는 고양이 장난감 팝니다.','삽니다 https://open.kakao.com/o/asdf');
Insert into FR0GMARKET.NOTICE (NO,BOARD_NO,SENDER_ID,RECEIVER_ID,TITLE,CONTENT) values (16,38,'tt12','frog2','갤럭시 S10 상태S급 팝니다','살게요 문자 드렸습니다');
Insert into FR0GMARKET.NOTICE (NO,BOARD_NO,SENDER_ID,RECEIVER_ID,TITLE,CONTENT) values (46,42,'mini12','star-wife','간 건강보조제 팝니다.','토끼입니다 연락 남겼습니다');
Insert into FR0GMARKET.NOTICE (NO,BOARD_NO,SENDER_ID,RECEIVER_ID,TITLE,CONTENT) values (20,21,'tt12','sinsa','고양이 캣타워 팝니다.','연락드렸습니다');
Insert into FR0GMARKET.NOTICE (NO,BOARD_NO,SENDER_ID,RECEIVER_ID,TITLE,CONTENT) values (48,27,'star-wife','frog1','개구리안대','연락드려요~');
Insert into FR0GMARKET.NOTICE (NO,BOARD_NO,SENDER_ID,RECEIVER_ID,TITLE,CONTENT) values (18,6,'newuser3','honggd','갤럭시S21 팝니다.','사용기간이 얼마나 되나요?');
Insert into FR0GMARKET.NOTICE (NO,BOARD_NO,SENDER_ID,RECEIVER_ID,TITLE,CONTENT) values (19,33,'tt12','Aguest','스위치 라이트 팝니다','연락드렸습니다');
Insert into FR0GMARKET.NOTICE (NO,BOARD_NO,SENDER_ID,RECEIVER_ID,TITLE,CONTENT) values (22,11,'newuser2','tt12','낚시용 신발 팝니다','연락 드렸습니다');
Insert into FR0GMARKET.NOTICE (NO,BOARD_NO,SENDER_ID,RECEIVER_ID,TITLE,CONTENT) values (23,1,'tt12','newuser','샌들 팝니다','연락 드렸습니다');
Insert into FR0GMARKET.NOTICE (NO,BOARD_NO,SENDER_ID,RECEIVER_ID,TITLE,CONTENT) values (25,15,'newuser2','tt12','청소기 팝니다','문자 드렸어요');
Insert into FR0GMARKET.NOTICE (NO,BOARD_NO,SENDER_ID,RECEIVER_ID,TITLE,CONTENT) values (27,24,'newuser2','rabbit','베스파 팝니다.','사고싶습니다 https://open.kakao.com/o/asdf1g234');
Insert into FR0GMARKET.NOTICE (NO,BOARD_NO,SENDER_ID,RECEIVER_ID,TITLE,CONTENT) values (30,13,'newuser','tt12','스위치 개선판 팝니다','저요저요 https://open.kakao.com/o/lkah2ds');
Insert into FR0GMARKET.NOTICE (NO,BOARD_NO,SENDER_ID,RECEIVER_ID,TITLE,CONTENT) values (49,50,'rabbit','Alice','특이한 디자인 모자팔아요.','유니크 템!!  답장주세요');
REM INSERTING into FR0GMARKET.P_ATTACH
SET DEFINE OFF;
Insert into FR0GMARKET.P_ATTACH (NO,BOARD_NO,ORIGINAL_FILENAME,RENAMED_FILENAME) values (30,20,'2FA14AA90FAE625EC5919DE7F8E9969D95249F84F1A61C86CD83123A469549C6.jpg','20210426_203103095_377.jpg');
Insert into FR0GMARKET.P_ATTACH (NO,BOARD_NO,ORIGINAL_FILENAME,RENAMED_FILENAME) values (31,20,'9BCD953D6E0DEEAAEA9661C534A861005867FCF97E0F619868157A879928B361.jpg','20210426_203103099_910.jpg');
Insert into FR0GMARKET.P_ATTACH (NO,BOARD_NO,ORIGINAL_FILENAME,RENAMED_FILENAME) values (32,21,'캣타워.jpg','20210426_203313338_264.jpg');
Insert into FR0GMARKET.P_ATTACH (NO,BOARD_NO,ORIGINAL_FILENAME,RENAMED_FILENAME) values (38,25,'76984bb24f4c52c9c16c487a58c97d14d6b2ffc8ea56130d46ebff5b073f676e.jpeg','20210426_203422765_181.jpeg');
Insert into FR0GMARKET.P_ATTACH (NO,BOARD_NO,ORIGINAL_FILENAME,RENAMED_FILENAME) values (39,26,'download.jpg','20210426_203426266_593.jpg');
Insert into FR0GMARKET.P_ATTACH (NO,BOARD_NO,ORIGINAL_FILENAME,RENAMED_FILENAME) values (45,30,'고양이칫솔.jpg','20210426_203639493_636.jpg');
Insert into FR0GMARKET.P_ATTACH (NO,BOARD_NO,ORIGINAL_FILENAME,RENAMED_FILENAME) values (42,28,'2f4904fd9cb7802bb21c071ee8b48aa0122e36a4d1c6934c794f7b2b2fb74af7.jpeg','20210426_203544473_320.jpeg');
Insert into FR0GMARKET.P_ATTACH (NO,BOARD_NO,ORIGINAL_FILENAME,RENAMED_FILENAME) values (43,28,'23085ca6761e68567b9ab7738ed3c62fcfb641915f4e231ce088f4ebcf45fbdf.jpeg','20210426_203544478_592.jpeg');
Insert into FR0GMARKET.P_ATTACH (NO,BOARD_NO,ORIGINAL_FILENAME,RENAMED_FILENAME) values (44,29,'img1.daumcdn.jpg','20210426_203546789_825.jpg');
Insert into FR0GMARKET.P_ATTACH (NO,BOARD_NO,ORIGINAL_FILENAME,RENAMED_FILENAME) values (46,31,'7291A2D34A18E2C32F1FA47D71AF5FAD390C5C5EE6984A67ABB477A233FC810B.jpg','20210426_203715846_888.jpg');
Insert into FR0GMARKET.P_ATTACH (NO,BOARD_NO,ORIGINAL_FILENAME,RENAMED_FILENAME) values (47,31,'73152E700B926B7F867AF9077037141AE272E877C0ADE3B3A5780BB8B80586E3.jpg','20210426_203715850_752.jpg');
Insert into FR0GMARKET.P_ATTACH (NO,BOARD_NO,ORIGINAL_FILENAME,RENAMED_FILENAME) values (48,32,'별렌치1.jpg','20210426_203759488_003.jpg');
Insert into FR0GMARKET.P_ATTACH (NO,BOARD_NO,ORIGINAL_FILENAME,RENAMED_FILENAME) values (49,32,'별렌치2.jpg','20210426_203759547_548.jpg');
Insert into FR0GMARKET.P_ATTACH (NO,BOARD_NO,ORIGINAL_FILENAME,RENAMED_FILENAME) values (50,32,'별렌치3.jpg','20210426_203759595_780.jpg');
Insert into FR0GMARKET.P_ATTACH (NO,BOARD_NO,ORIGINAL_FILENAME,RENAMED_FILENAME) values (51,33,'c9316be706929bd2ec81cbcb1c29a14ddc4d6e60f6b8f7175cae99120c21c70a.jpeg','20210426_203839201_410.jpeg');
Insert into FR0GMARKET.P_ATTACH (NO,BOARD_NO,ORIGINAL_FILENAME,RENAMED_FILENAME) values (52,34,'노트북.jpg','20210426_203945186_533.jpg');
Insert into FR0GMARKET.P_ATTACH (NO,BOARD_NO,ORIGINAL_FILENAME,RENAMED_FILENAME) values (53,35,'703640c881723022790db6736488ac5e853359a37e5988fd43f144a045cbb1c9.jpeg','20210426_204014143_378.jpeg');
Insert into FR0GMARKET.P_ATTACH (NO,BOARD_NO,ORIGINAL_FILENAME,RENAMED_FILENAME) values (54,36,'소파.jpg','20210426_204158785_899.jpg');
Insert into FR0GMARKET.P_ATTACH (NO,BOARD_NO,ORIGINAL_FILENAME,RENAMED_FILENAME) values (55,37,'급수펌프.jpg','20210426_204256134_368.jpg');
Insert into FR0GMARKET.P_ATTACH (NO,BOARD_NO,ORIGINAL_FILENAME,RENAMED_FILENAME) values (61,43,'마우스.jpg','20210426_204835296_998.jpg');
Insert into FR0GMARKET.P_ATTACH (NO,BOARD_NO,ORIGINAL_FILENAME,RENAMED_FILENAME) values (62,44,'블루종.jpg','20210426_205342940_984.jpg');
Insert into FR0GMARKET.P_ATTACH (NO,BOARD_NO,ORIGINAL_FILENAME,RENAMED_FILENAME) values (63,45,'자라등.jpg','20210426_210231238_602.jpg');
Insert into FR0GMARKET.P_ATTACH (NO,BOARD_NO,ORIGINAL_FILENAME,RENAMED_FILENAME) values (64,45,'자라.jpg','20210426_210231242_113.jpg');
Insert into FR0GMARKET.P_ATTACH (NO,BOARD_NO,ORIGINAL_FILENAME,RENAMED_FILENAME) values (65,46,'DSC08327.jpg','20210426_211153690_753.jpg');
Insert into FR0GMARKET.P_ATTACH (NO,BOARD_NO,ORIGINAL_FILENAME,RENAMED_FILENAME) values (69,50,'다운로드.jfif','20210426_215540187_332.jfif');
Insert into FR0GMARKET.P_ATTACH (NO,BOARD_NO,ORIGINAL_FILENAME,RENAMED_FILENAME) values (70,51,'골프채.jpeg','20210426_220633227_122.jpeg');
Insert into FR0GMARKET.P_ATTACH (NO,BOARD_NO,ORIGINAL_FILENAME,RENAMED_FILENAME) values (1,1,'style-2857387_960_720.jpg','20210426_201620959_664.jpg');
Insert into FR0GMARKET.P_ATTACH (NO,BOARD_NO,ORIGINAL_FILENAME,RENAMED_FILENAME) values (2,1,'gold-3184583_960_720.jpg','20210426_201620965_885.jpg');
Insert into FR0GMARKET.P_ATTACH (NO,BOARD_NO,ORIGINAL_FILENAME,RENAMED_FILENAME) values (3,1,'shoe-4120554_960_720.jpg','20210426_201620967_866.jpg');
Insert into FR0GMARKET.P_ATTACH (NO,BOARD_NO,ORIGINAL_FILENAME,RENAMED_FILENAME) values (4,2,'025902b1ac9f90313db28cf89c118671.jpg','20210426_201640975_584.jpg');
Insert into FR0GMARKET.P_ATTACH (NO,BOARD_NO,ORIGINAL_FILENAME,RENAMED_FILENAME) values (5,3,'고양이장난감.jpg','20210426_201756860_458.jpg');
Insert into FR0GMARKET.P_ATTACH (NO,BOARD_NO,ORIGINAL_FILENAME,RENAMED_FILENAME) values (6,4,'2be6e1f3bd32af0150256df89e376d298f32f0dd17bad04feaf0b3d38d3f7080.jpeg','20210426_201818988_237.jpeg');
Insert into FR0GMARKET.P_ATTACH (NO,BOARD_NO,ORIGINAL_FILENAME,RENAMED_FILENAME) values (7,4,'5e1f4073599172a3e8950c530e8013480bc5cad6547c4fd5731dfc7fa0310a8f.jpeg','20210426_201818999_243.jpeg');
Insert into FR0GMARKET.P_ATTACH (NO,BOARD_NO,ORIGINAL_FILENAME,RENAMED_FILENAME) values (8,5,'shoes-153310_960_720.webp','20210426_201909779_138.webp');
Insert into FR0GMARKET.P_ATTACH (NO,BOARD_NO,ORIGINAL_FILENAME,RENAMED_FILENAME) values (9,5,'shoes-1897708_960_720.webp','20210426_201909782_845.webp');
Insert into FR0GMARKET.P_ATTACH (NO,BOARD_NO,ORIGINAL_FILENAME,RENAMED_FILENAME) values (11,7,'0DAF1A760443AF0AEFDD2B8BFC7E64B89AF81433741DAC3F0CA258A81D7608A4.jpg','20210426_202035608_229.jpg');
Insert into FR0GMARKET.P_ATTACH (NO,BOARD_NO,ORIGINAL_FILENAME,RENAMED_FILENAME) values (12,7,'291F478CB2D74AAA97E494D8133EE4A4CDACA9D75A937555B5AB59F1939391F7.jpg','20210426_202035620_566.jpg');
Insert into FR0GMARKET.P_ATTACH (NO,BOARD_NO,ORIGINAL_FILENAME,RENAMED_FILENAME) values (13,7,'FE3CA4965D2758767A555AD390983A500CD936840E40D14D2CA861C6AFA63C04.jpg','20210426_202035627_436.jpg');
Insert into FR0GMARKET.P_ATTACH (NO,BOARD_NO,ORIGINAL_FILENAME,RENAMED_FILENAME) values (14,8,'shoes-1433925_960_720.webp','20210426_202053407_572.webp');
Insert into FR0GMARKET.P_ATTACH (NO,BOARD_NO,ORIGINAL_FILENAME,RENAMED_FILENAME) values (19,11,'95eb13223b8462c486c6af03d6f98871022fb137e5b7bb6316fd99dfdea594d0.jpeg','20210426_202433138_822.jpeg');
Insert into FR0GMARKET.P_ATTACH (NO,BOARD_NO,ORIGINAL_FILENAME,RENAMED_FILENAME) values (20,12,'shoes-357897_960_720.jpg','20210426_202550916_187.jpg');
Insert into FR0GMARKET.P_ATTACH (NO,BOARD_NO,ORIGINAL_FILENAME,RENAMED_FILENAME) values (21,13,'04AE5E4103A13FA18CF53CA7985C1DB0718D23502EC443DE3948A2034CE59F0C.jpg','20210426_202606942_633.jpg');
Insert into FR0GMARKET.P_ATTACH (NO,BOARD_NO,ORIGINAL_FILENAME,RENAMED_FILENAME) values (22,13,'9A6F5BD7AC973CDCC4F878ABAB7BF76C8D1B3A38611CA366CA6A50B2D0341A4E.jpg','20210426_202606946_753.jpg');
Insert into FR0GMARKET.P_ATTACH (NO,BOARD_NO,ORIGINAL_FILENAME,RENAMED_FILENAME) values (23,14,'iphone12.jpg','20210426_202715680_306.jpg');
Insert into FR0GMARKET.P_ATTACH (NO,BOARD_NO,ORIGINAL_FILENAME,RENAMED_FILENAME) values (24,15,'ddea7221ec5c80558464cfa55e07d2803c2a5efb49a663ae666191b24ea44689.jpeg','20210426_202720581_141.jpeg');
Insert into FR0GMARKET.P_ATTACH (NO,BOARD_NO,ORIGINAL_FILENAME,RENAMED_FILENAME) values (25,15,'dff18f7a6720c007f7d9e2efdc1b2f2a28067c787b17505392e23006716d1d04.jpeg','20210426_202720586_281.jpeg');
Insert into FR0GMARKET.P_ATTACH (NO,BOARD_NO,ORIGINAL_FILENAME,RENAMED_FILENAME) values (26,16,'heels-1024399_960_720.jpg','20210426_202730386_105.jpg');
Insert into FR0GMARKET.P_ATTACH (NO,BOARD_NO,ORIGINAL_FILENAME,RENAMED_FILENAME) values (27,17,'shoe-4016645_960_720.jpg','20210426_202901825_231.jpg');
Insert into FR0GMARKET.P_ATTACH (NO,BOARD_NO,ORIGINAL_FILENAME,RENAMED_FILENAME) values (28,18,'43b2644715cdd4c9ec2979ff90453413d1033bf1e6e97f67920c0dd479aaf5a1.jpeg','20210426_202933394_692.jpeg');
Insert into FR0GMARKET.P_ATTACH (NO,BOARD_NO,ORIGINAL_FILENAME,RENAMED_FILENAME) values (33,22,'e4f458522fd87ccb098e7754f0b485aab493cb32dccab65140abfdb409f63e32.jpeg','20210426_203316424_475.jpeg');
Insert into FR0GMARKET.P_ATTACH (NO,BOARD_NO,ORIGINAL_FILENAME,RENAMED_FILENAME) values (34,22,'3bd114a3fa84b465bb45e13830c58af0dfc078c12dcd0a0b3b6050620e3e549b.jpeg','20210426_203316429_311.jpeg');
Insert into FR0GMARKET.P_ATTACH (NO,BOARD_NO,ORIGINAL_FILENAME,RENAMED_FILENAME) values (36,24,'베스파1.jpg','20210426_203338528_948.jpg');
Insert into FR0GMARKET.P_ATTACH (NO,BOARD_NO,ORIGINAL_FILENAME,RENAMED_FILENAME) values (37,24,'베스파2.jpg','20210426_203338569_008.jpg');
Insert into FR0GMARKET.P_ATTACH (NO,BOARD_NO,ORIGINAL_FILENAME,RENAMED_FILENAME) values (56,38,'스마트폰1.jpg','20210426_204317119_867.jpg');
Insert into FR0GMARKET.P_ATTACH (NO,BOARD_NO,ORIGINAL_FILENAME,RENAMED_FILENAME) values (57,39,'자전거1.jpg','20210426_204357417_789.jpg');
Insert into FR0GMARKET.P_ATTACH (NO,BOARD_NO,ORIGINAL_FILENAME,RENAMED_FILENAME) values (59,41,'전기밥솥1.jpg','20210426_204524589_245.jpg');
Insert into FR0GMARKET.P_ATTACH (NO,BOARD_NO,ORIGINAL_FILENAME,RENAMED_FILENAME) values (66,47,'4E3CE29AFD6DC7B29748DDF63B45F6A1C1C77DB51603AA8E4527C6A3608AB4EE.jpg','20210426_211420922_912.jpg');
Insert into FR0GMARKET.P_ATTACH (NO,BOARD_NO,ORIGINAL_FILENAME,RENAMED_FILENAME) values (35,23,'d109dc8a07c507dd2de711125af989aaa568cc3eedec778d9537dc98da9c318c.jpg','20210426_203333400_338.jpg');
Insert into FR0GMARKET.P_ATTACH (NO,BOARD_NO,ORIGINAL_FILENAME,RENAMED_FILENAME) values (41,27,'개구리안대.jpg','20210426_203513700_360.jpg');
Insert into FR0GMARKET.P_ATTACH (NO,BOARD_NO,ORIGINAL_FILENAME,RENAMED_FILENAME) values (58,40,'조던.jpg','20210426_204428854_815.jpg');
Insert into FR0GMARKET.P_ATTACH (NO,BOARD_NO,ORIGINAL_FILENAME,RENAMED_FILENAME) values (67,48,'800px-Set_of_playing_cards_52.jfif','20210426_212140241_568.jfif');
Insert into FR0GMARKET.P_ATTACH (NO,BOARD_NO,ORIGINAL_FILENAME,RENAMED_FILENAME) values (68,49,'2a8ac5d6518dcfa5d323fb04b1511655.jpg','20210426_214657591_326.jpg');
Insert into FR0GMARKET.P_ATTACH (NO,BOARD_NO,ORIGINAL_FILENAME,RENAMED_FILENAME) values (15,9,'버즈프로.jpg','20210426_202118443_977.jpg');
Insert into FR0GMARKET.P_ATTACH (NO,BOARD_NO,ORIGINAL_FILENAME,RENAMED_FILENAME) values (16,10,'2697a38e0e3da53cc7996d89aa2afd121b8911b08c8871a1d171d6d09d332073.jpeg','20210426_202303070_117.jpeg');
Insert into FR0GMARKET.P_ATTACH (NO,BOARD_NO,ORIGINAL_FILENAME,RENAMED_FILENAME) values (17,10,'60733ba0399b055e333da9d288506a4c9877b751c5fa87b048b429822b726804.jpeg','20210426_202303080_162.jpeg');
Insert into FR0GMARKET.P_ATTACH (NO,BOARD_NO,ORIGINAL_FILENAME,RENAMED_FILENAME) values (18,10,'018c72a27480b61196cd6e9960bccf0cf29d11f96e68b74e644b21d4c97f977f.jpeg','20210426_202303086_248.jpeg');
Insert into FR0GMARKET.P_ATTACH (NO,BOARD_NO,ORIGINAL_FILENAME,RENAMED_FILENAME) values (85,61,'unnamed.jpg','20210427_222622794_444.jpg');
Insert into FR0GMARKET.P_ATTACH (NO,BOARD_NO,ORIGINAL_FILENAME,RENAMED_FILENAME) values (90,62,'곰.png','20210427_230035981_866.png');
Insert into FR0GMARKET.P_ATTACH (NO,BOARD_NO,ORIGINAL_FILENAME,RENAMED_FILENAME) values (10,6,'s21.jpg','20210426_202025021_593.jpg');
Insert into FR0GMARKET.P_ATTACH (NO,BOARD_NO,ORIGINAL_FILENAME,RENAMED_FILENAME) values (29,19,'iphone-12-pro-cracked-glass.jpg','20210426_203004204_060.jpg');
Insert into FR0GMARKET.P_ATTACH (NO,BOARD_NO,ORIGINAL_FILENAME,RENAMED_FILENAME) values (60,42,'간 건강보조제.png','20210426_204700510_405.png');
REM INSERTING into FR0GMARKET.P_BOARD
SET DEFINE OFF;
Insert into FR0GMARKET.P_BOARD (BOARD_NO,SELLER_ID,TITLE,STATUS,SELL_PRICE,DESCRIPTION,REG_DATE,AREA_INFO) values (20,'u1zang','기초 화장품 팝니다','new',20000,'사진에 보이는거 전부 팝니다
010********으로 생각 있으신 분들만 연락 주세요',to_date('21/04/26','RR/MM/DD'),'인천');
Insert into FR0GMARKET.P_BOARD (BOARD_NO,SELLER_ID,TITLE,STATUS,SELL_PRICE,DESCRIPTION,REG_DATE,AREA_INFO) values (21,'sinsa','고양이 캣타워 팝니다.','new',61000,'캣타워 팝니다.
쿨매시 네고 가능합니다.',to_date('21/04/26','RR/MM/DD'),'인천');
Insert into FR0GMARKET.P_BOARD (BOARD_NO,SELLER_ID,TITLE,STATUS,SELL_PRICE,DESCRIPTION,REG_DATE,AREA_INFO) values (25,'u1zang','애기 구두 신발 팔아요','new',8000,'앙증맞은 애기 신발 팝니다
택배는 착불 직거래 합니다
010********으로 전화주세용',to_date('21/04/24','RR/MM/DD'),'대구');
Insert into FR0GMARKET.P_BOARD (BOARD_NO,SELLER_ID,TITLE,STATUS,SELL_PRICE,DESCRIPTION,REG_DATE,AREA_INFO) values (26,'newuser3','자전거','new',50000,'좀 낡았지만 타는데는 지장없습니다.
https://open.kakao.com/자전거주소
로 연락주세요',to_date('21/04/26','RR/MM/DD'),'대전');
Insert into FR0GMARKET.P_BOARD (BOARD_NO,SELLER_ID,TITLE,STATUS,SELL_PRICE,DESCRIPTION,REG_DATE,AREA_INFO) values (27,'frog1','개구리안대','new',5000,'관심 있으시면 연락주세요.',to_date('21/04/26','RR/MM/DD'),'서울');
Insert into FR0GMARKET.P_BOARD (BOARD_NO,SELLER_ID,TITLE,STATUS,SELL_PRICE,DESCRIPTION,REG_DATE,AREA_INFO) values (28,'Aguest','안마기 팝니다','soldout',120000,'안마기 팝니다
택포고요 직거래합니다
010******** 문자하세요',to_date('21/04/26','RR/MM/DD'),'강원도');
Insert into FR0GMARKET.P_BOARD (BOARD_NO,SELLER_ID,TITLE,STATUS,SELL_PRICE,DESCRIPTION,REG_DATE,AREA_INFO) values (29,'newuser3','카메라 팝니다','new',1500000,'렌즈 전체 포함입니다.
관심 있으신 분 댓글로 연락처 남겨주세요',to_date('21/04/26','RR/MM/DD'),'대전');
Insert into FR0GMARKET.P_BOARD (BOARD_NO,SELLER_ID,TITLE,STATUS,SELL_PRICE,DESCRIPTION,REG_DATE,AREA_INFO) values (30,'sinsa','고양이용 칫솔 팝니다.','new',50000,'고양이용 칫솔 팝니다.
쓸 때마다 고양이가 난리나서 못쓰겠네요..
두 번밖에 사용안했습니다.',to_date('21/04/26','RR/MM/DD'),'대구');
Insert into FR0GMARKET.P_BOARD (BOARD_NO,SELLER_ID,TITLE,STATUS,SELL_PRICE,DESCRIPTION,REG_DATE,AREA_INFO) values (31,'Aguest','안마기 팔아버립니다','new',200000,'안쓰는 안마기 팔아요
tr****으로 연락주세요',to_date('21/04/26','RR/MM/DD'),'서울');
Insert into FR0GMARKET.P_BOARD (BOARD_NO,SELLER_ID,TITLE,STATUS,SELL_PRICE,DESCRIPTION,REG_DATE,AREA_INFO) values (32,'rabbit','별렌치 팝니다.','new',100000,'대형사이즈 T 렌치 사이즈 4가지 자체제작 케이스까지해서

팝니다.

사용은 좀 했으나 독일제제품에 자체제작 케이스있어서 보관하기 편합니다.



직거래 가능 ,  택배거래시 택미포
네고는 합당한 선에서 가능',to_date('21/04/26','RR/MM/DD'),'서울');
Insert into FR0GMARKET.P_BOARD (BOARD_NO,SELLER_ID,TITLE,STATUS,SELL_PRICE,DESCRIPTION,REG_DATE,AREA_INFO) values (33,'Aguest','스위치 라이트 팝니다','new',210000,'스위치 라이트 블루 팝니다
흥정 안받고 인증 필요하시면 010********으로 연락 주시고 택 착불 직거래 다합니다',to_date('21/04/26','RR/MM/DD'),'대전');
Insert into FR0GMARKET.P_BOARD (BOARD_NO,SELLER_ID,TITLE,STATUS,SELL_PRICE,DESCRIPTION,REG_DATE,AREA_INFO) values (34,'frog2','삼성 노트북 팝니다','new',230000,'네고 가능합니다 흥정 주세요',to_date('21/04/26','RR/MM/DD'),'강원도');
Insert into FR0GMARKET.P_BOARD (BOARD_NO,SELLER_ID,TITLE,STATUS,SELL_PRICE,DESCRIPTION,REG_DATE,AREA_INFO) values (35,'Aguest','반려견이 떠나가서 언어 번역기 팝니다','new',20000,'반려견 번역기고 3개월 썼습니다
너무 슬퍼서 더이상 가지고 있을 수가 없어 팝니다
ti***으로 연락주세요',to_date('21/04/26','RR/MM/DD'),'서울');
Insert into FR0GMARKET.P_BOARD (BOARD_NO,SELLER_ID,TITLE,STATUS,SELL_PRICE,DESCRIPTION,REG_DATE,AREA_INFO) values (36,'frog2','1인용 소파 팝니다','new',50000,'네고 가능합니다 연락주세요~',to_date('21/04/26','RR/MM/DD'),'강원도');
Insert into FR0GMARKET.P_BOARD (BOARD_NO,SELLER_ID,TITLE,STATUS,SELL_PRICE,DESCRIPTION,REG_DATE,AREA_INFO) values (37,'rabbit','급수범프 팔아요.','new',150000,'주문을 잘못해서 상자도 안뜯은 A급이구요


ac/dc  잘 확인하세요.
미확인후 반품 안됨. 반품사절


직거래/택배거래 가능',to_date('21/04/26','RR/MM/DD'),'서울');
Insert into FR0GMARKET.P_BOARD (BOARD_NO,SELLER_ID,TITLE,STATUS,SELL_PRICE,DESCRIPTION,REG_DATE,AREA_INFO) values (43,'frog3','미키마우스 마우스 팝니다','new',5000,'직거래만 가능합니다',to_date('21/04/26','RR/MM/DD'),'서울');
Insert into FR0GMARKET.P_BOARD (BOARD_NO,SELLER_ID,TITLE,STATUS,SELL_PRICE,DESCRIPTION,REG_DATE,AREA_INFO) values (44,'star-wife','자라 블루종 팝니다.','new',40000,'봄에 입을려고 블루종을 샀더니  바로 여름이되서 입지도 못하고 내놓네요.

한번밖에 안입었습니다.



직거래희망해요.',to_date('21/04/26','RR/MM/DD'),'강원도');
Insert into FR0GMARKET.P_BOARD (BOARD_NO,SELLER_ID,TITLE,STATUS,SELL_PRICE,DESCRIPTION,REG_DATE,AREA_INFO) values (45,'star-wife','전에 쓰던 등껍질 팔아요.','new',0,'가격미정

전에 쓰던 별갑이구요.

이번에 다른지역으로 발령나서 새로 살려고 쓰던거 내놔요.',to_date('21/04/26','RR/MM/DD'),'강원도');
Insert into FR0GMARKET.P_BOARD (BOARD_NO,SELLER_ID,TITLE,STATUS,SELL_PRICE,DESCRIPTION,REG_DATE,AREA_INFO) values (46,'qwerty','최신 삼성 노트북 팝니다.','new',1000000,'최신형 노트북입니다.
최대한 싸게 파는 거니 네고 하지 마세요.
',to_date('21/04/26','RR/MM/DD'),'서울');
Insert into FR0GMARKET.P_BOARD (BOARD_NO,SELLER_ID,TITLE,STATUS,SELL_PRICE,DESCRIPTION,REG_DATE,AREA_INFO) values (50,'Alice','특이한 디자인 모자팔아요.','new',0,'초 유니크한 아이템이구요.

내기로 딴 아이템인데 세상에 하나밖에 없는 아이템이에요

가격제시해주세요~',to_date('21/04/26','RR/MM/DD'),'부산');
Insert into FR0GMARKET.P_BOARD (BOARD_NO,SELLER_ID,TITLE,STATUS,SELL_PRICE,DESCRIPTION,REG_DATE,AREA_INFO) values (51,'Alice','골프채 세트 팔아요','new',1000000,'대회 나갈때 쓰던 골프채 세트 팔아요.


보다싶이 브랜드 제품이구요.

이걸로 대회나가서 우승도 했어요.

문의주세요!',to_date('21/04/26','RR/MM/DD'),'부산');
Insert into FR0GMARKET.P_BOARD (BOARD_NO,SELLER_ID,TITLE,STATUS,SELL_PRICE,DESCRIPTION,REG_DATE,AREA_INFO) values (1,'newuser','샌들 팝니다','new',150000,'세개 합쳐서 15만원입니다.',to_date('21/04/26','RR/MM/DD'),'대전');
Insert into FR0GMARKET.P_BOARD (BOARD_NO,SELLER_ID,TITLE,STATUS,SELL_PRICE,DESCRIPTION,REG_DATE,AREA_INFO) values (2,'mini12','신발 새거 팝니다','new',23000,'한번도 안신은 새신발 팝니다
인터넷으로 샀더니 사이즈가 안맞네요
택포 23000원입니다
카톡 k****로 연락주세요',to_date('21/04/22','RR/MM/DD'),'인천');
Insert into FR0GMARKET.P_BOARD (BOARD_NO,SELLER_ID,TITLE,STATUS,SELL_PRICE,DESCRIPTION,REG_DATE,AREA_INFO) values (3,'honggd','안 쓰는 고양이 장난감 팝니다.','new',30000,'고양이가 살쪄서 가지고 놀지 않네요.
산 지 얼마 안 되서 신제품에 가깝습니다.',to_date('21/04/26','RR/MM/DD'),'서울');
Insert into FR0GMARKET.P_BOARD (BOARD_NO,SELLER_ID,TITLE,STATUS,SELL_PRICE,DESCRIPTION,REG_DATE,AREA_INFO) values (4,'mini12','어린이 가죽샌들 팝니다','new',12000,'애기 샌들 팝니다
아직 튼튼하구요 택배비 별도로 팝니다
010********으로 연락주세요~',to_date('21/04/26','RR/MM/DD'),'부산');
Insert into FR0GMARKET.P_BOARD (BOARD_NO,SELLER_ID,TITLE,STATUS,SELL_PRICE,DESCRIPTION,REG_DATE,AREA_INFO) values (5,'newuser','운동화 팝니다','new',200000,'신발 두세트 합쳐서 20만원입니다.',to_date('21/04/26','RR/MM/DD'),'대전');
Insert into FR0GMARKET.P_BOARD (BOARD_NO,SELLER_ID,TITLE,STATUS,SELL_PRICE,DESCRIPTION,REG_DATE,AREA_INFO) values (7,'mini12','모동숲 패키지 팝니다','new',400000,'모동숲 패키지 팝니다
직거래만 하고 택배거래 안합니다
택포 가격이고 흥정 안받습니다
010********이나 gf*****으로 연락주세요',to_date('21/04/26','RR/MM/DD'),'인천');
Insert into FR0GMARKET.P_BOARD (BOARD_NO,SELLER_ID,TITLE,STATUS,SELL_PRICE,DESCRIPTION,REG_DATE,AREA_INFO) values (8,'newuser','히어로 신발 팝니다','new',40000,'저작권이 무서워지는 신발 팝니다
교육용인데 고소는 하지 말아주세요',to_date('21/04/25','RR/MM/DD'),'대전');
Insert into FR0GMARKET.P_BOARD (BOARD_NO,SELLER_ID,TITLE,STATUS,SELL_PRICE,DESCRIPTION,REG_DATE,AREA_INFO) values (11,'tt12','낚시용 신발 팝니다','new',21000,'여친이 낚시 할거면 헤어지자 그래서 팝니다 
가격대로 팔거고 직거래 받습니다 택배는 착불입니다
카톡 he*******으로 연락 주세요',to_date('21/04/23','RR/MM/DD'),'순천');
Insert into FR0GMARKET.P_BOARD (BOARD_NO,SELLER_ID,TITLE,STATUS,SELL_PRICE,DESCRIPTION,REG_DATE,AREA_INFO) values (12,'newuser2','신발 샌들 팝니다','new',10000,'한짝은 짝이 없는데 필요하면 가져가세요.
https://open.kakao.com/o/fake 로 연락주세요',to_date('21/04/27','RR/MM/DD'),'대전');
Insert into FR0GMARKET.P_BOARD (BOARD_NO,SELLER_ID,TITLE,STATUS,SELL_PRICE,DESCRIPTION,REG_DATE,AREA_INFO) values (13,'tt12','스위치 개선판 팝니다','new',320000,'배터리 개선판 스위치 팝니다
초기화 다 시켜놨고 생활기스 안보일정도로만 있습니다
택배 착불 직거래 합니다
010********로 연락주세요',to_date('21/04/26','RR/MM/DD'),'서울');
Insert into FR0GMARKET.P_BOARD (BOARD_NO,SELLER_ID,TITLE,STATUS,SELL_PRICE,DESCRIPTION,REG_DATE,AREA_INFO) values (14,'qwerty','아이폰12 팝니다','new',1000000,'아이폰12 팝니다.
댓글 달아주세요.',to_date('21/04/26','RR/MM/DD'),'서울');
Insert into FR0GMARKET.P_BOARD (BOARD_NO,SELLER_ID,TITLE,STATUS,SELL_PRICE,DESCRIPTION,REG_DATE,AREA_INFO) values (15,'tt12','청소기 팝니다','new',300000,'청소기 팝니다
직거래 택배거래 다 받고 택배는 착불로 갑니다
010********으로 연락주세요',to_date('21/04/26','RR/MM/DD'),'강원도');
Insert into FR0GMARKET.P_BOARD (BOARD_NO,SELLER_ID,TITLE,STATUS,SELL_PRICE,DESCRIPTION,REG_DATE,AREA_INFO) values (16,'newuser2','샌들 비싼거 팝니다(신발)','new',200000,'관심있으면 댓글로 연락처 남겨주세요',to_date('21/04/22','RR/MM/DD'),'대전');
Insert into FR0GMARKET.P_BOARD (BOARD_NO,SELLER_ID,TITLE,STATUS,SELL_PRICE,DESCRIPTION,REG_DATE,AREA_INFO) values (17,'newuser2','힐 샌들 신발 판매','new',150000,'https://open.kakao.com/가짜주소
연락바람',to_date('21/04/26','RR/MM/DD'),'대전');
Insert into FR0GMARKET.P_BOARD (BOARD_NO,SELLER_ID,TITLE,STATUS,SELL_PRICE,DESCRIPTION,REG_DATE,AREA_INFO) values (18,'u1zang','핸드 안마기 팝니다','new',120000,'상태 좋고 진동 셉니다
어깨 엄청 풀리는데 저는 뼈뿐이라 아파서 팝니다
직거래 안하고 택포로 팝니다
th****로 연락주세요',to_date('21/04/26','RR/MM/DD'),'서울');
Insert into FR0GMARKET.P_BOARD (BOARD_NO,SELLER_ID,TITLE,STATUS,SELL_PRICE,DESCRIPTION,REG_DATE,AREA_INFO) values (22,'u1zang','애견용품 애완동물 애완견 이동케이지 팝니다','new',100000,'상태 좋고 작은애들용입니다
10만원이고 택배 착불입니다
u***으로 연락주세요',to_date('21/04/26','RR/MM/DD'),'순천');
Insert into FR0GMARKET.P_BOARD (BOARD_NO,SELLER_ID,TITLE,STATUS,SELL_PRICE,DESCRIPTION,REG_DATE,AREA_INFO) values (24,'rabbit','베스파 팝니다.','new',2500000,'사놓고 바빠서 못타서 키로수 2000km밖에 안되구요.
연식은 2019년식 말입니다.
무사고차량입니다.


직거래만 가능하므로 가까운분이면 좋겠습니다.
가격은 네고 불가합니다.',to_date('21/04/26','RR/MM/DD'),'서울');
Insert into FR0GMARKET.P_BOARD (BOARD_NO,SELLER_ID,TITLE,STATUS,SELL_PRICE,DESCRIPTION,REG_DATE,AREA_INFO) values (38,'frog2','갤럭시 S10 상태S급 팝니다','new',120000,'개봉하고 잠깐 사용해서 생활기스는 아주 약간 있습니다
번인 없고 사용 횟수는 얼마 안됩니다
흥정 안받습니다 ',to_date('21/04/26','RR/MM/DD'),'강원도');
Insert into FR0GMARKET.P_BOARD (BOARD_NO,SELLER_ID,TITLE,STATUS,SELL_PRICE,DESCRIPTION,REG_DATE,AREA_INFO) values (39,'frog1','삼천리 자전거 팝니다','new',500000,'네고 ㄴ',to_date('21/04/26','RR/MM/DD'),'서울');
Insert into FR0GMARKET.P_BOARD (BOARD_NO,SELLER_ID,TITLE,STATUS,SELL_PRICE,DESCRIPTION,REG_DATE,AREA_INFO) values (41,'frog3','쿠쿠 전기밥솥 10인용 팝니다','new',70000,'사용한지 1년쯤 되었고
문제 없이 잘 작동합니다
네고 안됩니다',to_date('21/04/26','RR/MM/DD'),'서울');
Insert into FR0GMARKET.P_BOARD (BOARD_NO,SELLER_ID,TITLE,STATUS,SELL_PRICE,DESCRIPTION,REG_DATE,AREA_INFO) values (47,'mini12','스위치 라이트 팔아요','reserved',230000,'라이트 팝니다 연락주세요',to_date('21/04/26','RR/MM/DD'),'서울');
Insert into FR0GMARKET.P_BOARD (BOARD_NO,SELLER_ID,TITLE,STATUS,SELL_PRICE,DESCRIPTION,REG_DATE,AREA_INFO) values (23,'newuser3','게이밍 의자 팝니다','new',300000,'많이 안쓴거라 새거랑 비슷합니다.
010-1234-5678로 연락주세요',to_date('21/04/26','RR/MM/DD'),'대전');
Insert into FR0GMARKET.P_BOARD (BOARD_NO,SELLER_ID,TITLE,STATUS,SELL_PRICE,DESCRIPTION,REG_DATE,AREA_INFO) values (40,'frog1','조던 나이키 신발 팝니다','new',100000,'얼룩 살짝 있습니다
네고 가능합니다 연락주세요',to_date('21/04/20','RR/MM/DD'),'강원도');
Insert into FR0GMARKET.P_BOARD (BOARD_NO,SELLER_ID,TITLE,STATUS,SELL_PRICE,DESCRIPTION,REG_DATE,AREA_INFO) values (48,'Alice','포커용 카드 팔아요.','new',5000,'사용감이 있지만  유니크한 제품이구요.

이걸로 한판하면 손에 촥촥붙는다는 느낌 받으실꺼에요.',to_date('21/04/26','RR/MM/DD'),'부산');
Insert into FR0GMARKET.P_BOARD (BOARD_NO,SELLER_ID,TITLE,STATUS,SELL_PRICE,DESCRIPTION,REG_DATE,AREA_INFO) values (9,'honggd','버즈프로 팝니다.','new',100000,'버즈프로 팝니다!',to_date('21/04/26','RR/MM/DD'),'인천');
Insert into FR0GMARKET.P_BOARD (BOARD_NO,SELLER_ID,TITLE,STATUS,SELL_PRICE,DESCRIPTION,REG_DATE,AREA_INFO) values (10,'tt12','안마기 팔아요','new',200000,'안마기 20만원에 팝니다
선이 좀 짧은데 되게 튼튼합니다
택배 다 받고 직거래 안합니다
010********으로 연락하세요',to_date('21/04/26','RR/MM/DD'),'서울');
Insert into FR0GMARKET.P_BOARD (BOARD_NO,SELLER_ID,TITLE,STATUS,SELL_PRICE,DESCRIPTION,REG_DATE,AREA_INFO) values (6,'honggd','갤럭시S21 팝니다.','new',800000,'갤럭시S21 팝니다. 
',to_date('21/04/26','RR/MM/DD'),'서울');
Insert into FR0GMARKET.P_BOARD (BOARD_NO,SELLER_ID,TITLE,STATUS,SELL_PRICE,DESCRIPTION,REG_DATE,AREA_INFO) values (19,'qwerty','뒷판 깨진 아이폰12 팝니다.','new',500000,'뒷판 깨져서 싸게 팝니다.
네고안됩니다.',to_date('21/04/26','RR/MM/DD'),'서울');
Insert into FR0GMARKET.P_BOARD (BOARD_NO,SELLER_ID,TITLE,STATUS,SELL_PRICE,DESCRIPTION,REG_DATE,AREA_INFO) values (42,'star-wife','간 건강보조제 팝니다.','new',20000,'먹다가 안맞아서 팔아요.
유통기한은 2년이상 남았구요.

사서 1주일 정도 먹었으니깐 얼마 안먹었어요.


직거래만 가능.
토끼띠 이신분은 무료나눔 가능합니다.',to_date('21/04/26','RR/MM/DD'),'강원도');
REM INSERTING into FR0GMARKET.REPLY
SET DEFINE OFF;
Insert into FR0GMARKET.REPLY (NO,BOARD_NO,MEMBER_ID,CONTENT,REG_DATE) values (4,19,'frog1','너무 비싼데 네고 가능할까요~?',to_date('21/04/26','RR/MM/DD'));
Insert into FR0GMARKET.REPLY (NO,BOARD_NO,MEMBER_ID,CONTENT,REG_DATE) values (6,31,'frog2','밑에는 12만원에 파는데 20만원은 너무 비싼 것? 같아요 ㅠㅠ 네고 가능할까요',to_date('21/04/26','RR/MM/DD'));
Insert into FR0GMARKET.REPLY (NO,BOARD_NO,MEMBER_ID,CONTENT,REG_DATE) values (7,27,'Aguest','사고싶습니다 문자드렸어요',to_date('21/04/26','RR/MM/DD'));
Insert into FR0GMARKET.REPLY (NO,BOARD_NO,MEMBER_ID,CONTENT,REG_DATE) values (8,16,'Aguest','문자 남겨요',to_date('21/04/26','RR/MM/DD'));
Insert into FR0GMARKET.REPLY (NO,BOARD_NO,MEMBER_ID,CONTENT,REG_DATE) values (9,29,'Aguest','안팔렸나요? 010********',to_date('21/04/26','RR/MM/DD'));
Insert into FR0GMARKET.REPLY (NO,BOARD_NO,MEMBER_ID,CONTENT,REG_DATE) values (10,2,'newuser3','저도 사고 싶어요',to_date('21/04/26','RR/MM/DD'));
Insert into FR0GMARKET.REPLY (NO,BOARD_NO,MEMBER_ID,CONTENT,REG_DATE) values (11,36,'mini12','대박 문자드렸습니다',to_date('21/04/26','RR/MM/DD'));
Insert into FR0GMARKET.REPLY (NO,BOARD_NO,MEMBER_ID,CONTENT,REG_DATE) values (12,30,'mini12','가격 잘못 입력하신 거 아닌가요? 일단 문자 드렸습니다',to_date('21/04/26','RR/MM/DD'));
Insert into FR0GMARKET.REPLY (NO,BOARD_NO,MEMBER_ID,CONTENT,REG_DATE) values (15,23,'sinsa','문자 남겼습니다. 확인해주세요',to_date('21/04/26','RR/MM/DD'));
Insert into FR0GMARKET.REPLY (NO,BOARD_NO,MEMBER_ID,CONTENT,REG_DATE) values (17,37,'tt12','문자 드렸습니다',to_date('21/04/26','RR/MM/DD'));
Insert into FR0GMARKET.REPLY (NO,BOARD_NO,MEMBER_ID,CONTENT,REG_DATE) values (21,40,'tt12','연락 드렸습니다',to_date('21/04/26','RR/MM/DD'));
Insert into FR0GMARKET.REPLY (NO,BOARD_NO,MEMBER_ID,CONTENT,REG_DATE) values (24,8,'tt12','연락 드렸습니다',to_date('21/04/26','RR/MM/DD'));
Insert into FR0GMARKET.REPLY (NO,BOARD_NO,MEMBER_ID,CONTENT,REG_DATE) values (26,9,'frog3','아이팟이랑 교환 혹시 가능할까요?',to_date('21/04/26','RR/MM/DD'));
Insert into FR0GMARKET.REPLY (NO,BOARD_NO,MEMBER_ID,CONTENT,REG_DATE) values (28,6,'newuser','저 사고싶습니다 https://open.kakao.com/o/12dnng3',to_date('21/04/26','RR/MM/DD'));
Insert into FR0GMARKET.REPLY (NO,BOARD_NO,MEMBER_ID,CONTENT,REG_DATE) values (29,34,'newuser','모델명이 어떻게 되나요?',to_date('21/04/26','RR/MM/DD'));
Insert into FR0GMARKET.REPLY (NO,BOARD_NO,MEMBER_ID,CONTENT,REG_DATE) values (31,10,'newuser','18만원에도 파나요?',to_date('21/04/26','RR/MM/DD'));
Insert into FR0GMARKET.REPLY (NO,BOARD_NO,MEMBER_ID,CONTENT,REG_DATE) values (32,21,'u1zang','연락남겨용',to_date('21/04/26','RR/MM/DD'));
Insert into FR0GMARKET.REPLY (NO,BOARD_NO,MEMBER_ID,CONTENT,REG_DATE) values (33,36,'u1zang','연락남겨용',to_date('21/04/26','RR/MM/DD'));
Insert into FR0GMARKET.REPLY (NO,BOARD_NO,MEMBER_ID,CONTENT,REG_DATE) values (34,15,'u1zang','문자 남겨요',to_date('21/04/26','RR/MM/DD'));
Insert into FR0GMARKET.REPLY (NO,BOARD_NO,MEMBER_ID,CONTENT,REG_DATE) values (35,3,'u1zang','010********연락주세요',to_date('21/04/26','RR/MM/DD'));
Insert into FR0GMARKET.REPLY (NO,BOARD_NO,MEMBER_ID,CONTENT,REG_DATE) values (36,41,'u1zang','사고싶습니다',to_date('21/04/26','RR/MM/DD'));
Insert into FR0GMARKET.REPLY (NO,BOARD_NO,MEMBER_ID,CONTENT,REG_DATE) values (37,14,'u1zang','010********연락바람',to_date('21/04/26','RR/MM/DD'));
Insert into FR0GMARKET.REPLY (NO,BOARD_NO,MEMBER_ID,CONTENT,REG_DATE) values (38,23,'u1zang','저도 문자 남겨요',to_date('21/04/26','RR/MM/DD'));
Insert into FR0GMARKET.REPLY (NO,BOARD_NO,MEMBER_ID,CONTENT,REG_DATE) values (39,38,'u1zang','문자 남겨요',to_date('21/04/26','RR/MM/DD'));
Insert into FR0GMARKET.REPLY (NO,BOARD_NO,MEMBER_ID,CONTENT,REG_DATE) values (41,43,'sinsa','택배 안되나요',to_date('21/04/26','RR/MM/DD'));
Insert into FR0GMARKET.REPLY (NO,BOARD_NO,MEMBER_ID,CONTENT,REG_DATE) values (42,38,'qwerty','네고 가능한가요',to_date('21/04/26','RR/MM/DD'));
Insert into FR0GMARKET.REPLY (NO,BOARD_NO,MEMBER_ID,CONTENT,REG_DATE) values (43,40,'qwerty','비싸네요',to_date('21/04/26','RR/MM/DD'));
Insert into FR0GMARKET.REPLY (NO,BOARD_NO,MEMBER_ID,CONTENT,REG_DATE) values (44,30,'qwerty','칫솔쓰던거를 파나요?',to_date('21/04/26','RR/MM/DD'));
Insert into FR0GMARKET.REPLY (NO,BOARD_NO,MEMBER_ID,CONTENT,REG_DATE) values (47,11,'star-wife','연락 드렸어요.',to_date('21/04/26','RR/MM/DD'));
Insert into FR0GMARKET.REPLY (NO,BOARD_NO,MEMBER_ID,CONTENT,REG_DATE) values (1,2,'honggd','삽니다',to_date('21/04/26','RR/MM/DD'));
Insert into FR0GMARKET.REPLY (NO,BOARD_NO,MEMBER_ID,CONTENT,REG_DATE) values (2,5,'honggd','살게요.',to_date('21/04/26','RR/MM/DD'));
Insert into FR0GMARKET.REPLY (NO,BOARD_NO,MEMBER_ID,CONTENT,REG_DATE) values (3,10,'honggd','비싸요',to_date('21/04/26','RR/MM/DD'));
Insert into FR0GMARKET.REPLY (NO,BOARD_NO,MEMBER_ID,CONTENT,REG_DATE) values (5,29,'sinsa','삽니다. 전화번호는 010-4321-4321입니다. ',to_date('21/04/26','RR/MM/DD'));
Insert into FR0GMARKET.REPLY (NO,BOARD_NO,MEMBER_ID,CONTENT,REG_DATE) values (13,9,'mini12','문자 드렸습니다',to_date('21/04/26','RR/MM/DD'));
Insert into FR0GMARKET.REPLY (NO,BOARD_NO,MEMBER_ID,CONTENT,REG_DATE) values (14,3,'newuser3','삽니다 https://open.kakao.com/o/asdf',to_date('21/04/26','RR/MM/DD'));
Insert into FR0GMARKET.REPLY (NO,BOARD_NO,MEMBER_ID,CONTENT,REG_DATE) values (16,38,'tt12','살게요 문자 드렸습니다',to_date('21/04/26','RR/MM/DD'));
Insert into FR0GMARKET.REPLY (NO,BOARD_NO,MEMBER_ID,CONTENT,REG_DATE) values (46,42,'mini12','토끼입니다 연락 남겼습니다',to_date('21/04/26','RR/MM/DD'));
Insert into FR0GMARKET.REPLY (NO,BOARD_NO,MEMBER_ID,CONTENT,REG_DATE) values (20,21,'tt12','연락드렸습니다',to_date('21/04/26','RR/MM/DD'));
Insert into FR0GMARKET.REPLY (NO,BOARD_NO,MEMBER_ID,CONTENT,REG_DATE) values (45,45,'mini12','탐나네요 연락드립니다',to_date('21/04/26','RR/MM/DD'));
Insert into FR0GMARKET.REPLY (NO,BOARD_NO,MEMBER_ID,CONTENT,REG_DATE) values (48,27,'star-wife','연락드려요~',to_date('21/04/26','RR/MM/DD'));
Insert into FR0GMARKET.REPLY (NO,BOARD_NO,MEMBER_ID,CONTENT,REG_DATE) values (18,6,'newuser3','사용기간이 얼마나 되나요?',to_date('21/04/26','RR/MM/DD'));
Insert into FR0GMARKET.REPLY (NO,BOARD_NO,MEMBER_ID,CONTENT,REG_DATE) values (19,33,'tt12','연락드렸습니다',to_date('21/04/26','RR/MM/DD'));
Insert into FR0GMARKET.REPLY (NO,BOARD_NO,MEMBER_ID,CONTENT,REG_DATE) values (22,11,'newuser2','연락 드렸습니다',to_date('21/04/26','RR/MM/DD'));
Insert into FR0GMARKET.REPLY (NO,BOARD_NO,MEMBER_ID,CONTENT,REG_DATE) values (23,1,'tt12','연락 드렸습니다',to_date('21/04/26','RR/MM/DD'));
Insert into FR0GMARKET.REPLY (NO,BOARD_NO,MEMBER_ID,CONTENT,REG_DATE) values (25,15,'newuser2','문자 드렸어요',to_date('21/04/26','RR/MM/DD'));
Insert into FR0GMARKET.REPLY (NO,BOARD_NO,MEMBER_ID,CONTENT,REG_DATE) values (27,24,'newuser2','사고싶습니다 https://open.kakao.com/o/asdf1g234',to_date('21/04/26','RR/MM/DD'));
Insert into FR0GMARKET.REPLY (NO,BOARD_NO,MEMBER_ID,CONTENT,REG_DATE) values (30,13,'newuser','저요저요 https://open.kakao.com/o/lkah2ds',to_date('21/04/26','RR/MM/DD'));
Insert into FR0GMARKET.REPLY (NO,BOARD_NO,MEMBER_ID,CONTENT,REG_DATE) values (49,50,'rabbit','유니크 템!!  답장주세요',to_date('21/04/26','RR/MM/DD'));
Insert into FR0GMARKET.REPLY (NO,BOARD_NO,MEMBER_ID,CONTENT,REG_DATE) values (61,1,'newuser3','아직 안팔렸나요?',to_date('21/04/27','RR/MM/DD'));
REM INSERTING into FR0GMARKET.R_ATTACH
SET DEFINE OFF;
Insert into FR0GMARKET.R_ATTACH (NO,REPORT_NO,ORIGINAL_FILENAME,RENAMED_FILENAME,REG_DATE) values (2,2,'다운로드.jpeg','20210426_204830720_054.jpeg',to_date('21/04/26','RR/MM/DD'));
Insert into FR0GMARKET.R_ATTACH (NO,REPORT_NO,ORIGINAL_FILENAME,RENAMED_FILENAME,REG_DATE) values (3,2,'unnamed.jpg','20210426_204830722_169.jpg',to_date('21/04/26','RR/MM/DD'));
Insert into FR0GMARKET.R_ATTACH (NO,REPORT_NO,ORIGINAL_FILENAME,RENAMED_FILENAME,REG_DATE) values (4,3,'다운로드.jpeg','20210426_204855837_410.jpeg',to_date('21/04/26','RR/MM/DD'));
Insert into FR0GMARKET.R_ATTACH (NO,REPORT_NO,ORIGINAL_FILENAME,RENAMED_FILENAME,REG_DATE) values (5,4,'unnamed.jpg','20210426_204935070_466.jpg',to_date('21/04/26','RR/MM/DD'));
Insert into FR0GMARKET.R_ATTACH (NO,REPORT_NO,ORIGINAL_FILENAME,RENAMED_FILENAME,REG_DATE) values (7,6,'201605082046862805_1.jpg','20210426_205049808_210.jpg',to_date('21/04/26','RR/MM/DD'));
Insert into FR0GMARKET.R_ATTACH (NO,REPORT_NO,ORIGINAL_FILENAME,RENAMED_FILENAME,REG_DATE) values (8,7,'piuija-munja_.jpg','20210426_205140009_744.jpg',to_date('21/04/26','RR/MM/DD'));
Insert into FR0GMARKET.R_ATTACH (NO,REPORT_NO,ORIGINAL_FILENAME,RENAMED_FILENAME,REG_DATE) values (9,8,'201605082046862805_1.jpg','20210426_205217992_425.jpg',to_date('21/04/26','RR/MM/DD'));
Insert into FR0GMARKET.R_ATTACH (NO,REPORT_NO,ORIGINAL_FILENAME,RENAMED_FILENAME,REG_DATE) values (17,18,'download.jpg','20210426_215255271_654.jpg',to_date('21/04/26','RR/MM/DD'));
Insert into FR0GMARKET.R_ATTACH (NO,REPORT_NO,ORIGINAL_FILENAME,RENAMED_FILENAME,REG_DATE) values (18,19,'중고사기1.png','20210426_215319429_815.png',to_date('21/04/26','RR/MM/DD'));
Insert into FR0GMARKET.R_ATTACH (NO,REPORT_NO,ORIGINAL_FILENAME,RENAMED_FILENAME,REG_DATE) values (19,20,'e52c12829faa6b37d86d0d774793ffaa.jpg','20210426_215444383_714.jpg',to_date('21/04/26','RR/MM/DD'));
Insert into FR0GMARKET.R_ATTACH (NO,REPORT_NO,ORIGINAL_FILENAME,RENAMED_FILENAME,REG_DATE) values (24,25,'다운로드.jpeg','20210427_172353477_786.jpeg',to_date('21/04/27','RR/MM/DD'));
Insert into FR0GMARKET.R_ATTACH (NO,REPORT_NO,ORIGINAL_FILENAME,RENAMED_FILENAME,REG_DATE) values (6,5,'unnamed.jpg','20210426_205013277_730.jpg',to_date('21/04/26','RR/MM/DD'));
Insert into FR0GMARKET.R_ATTACH (NO,REPORT_NO,ORIGINAL_FILENAME,RENAMED_FILENAME,REG_DATE) values (11,12,'신발사기.jpg','20210426_214555193_996.jpg',to_date('21/04/26','RR/MM/DD'));
Insert into FR0GMARKET.R_ATTACH (NO,REPORT_NO,ORIGINAL_FILENAME,RENAMED_FILENAME,REG_DATE) values (12,13,'애플팬슬사기.jpg','20210426_214634328_482.jpg',to_date('21/04/26','RR/MM/DD'));
Insert into FR0GMARKET.R_ATTACH (NO,REPORT_NO,ORIGINAL_FILENAME,RENAMED_FILENAME,REG_DATE) values (15,16,'2a8ac5d6518dcfa5d323fb04b1511655.jpg','20210426_214834989_482.jpg',to_date('21/04/26','RR/MM/DD'));
Insert into FR0GMARKET.R_ATTACH (NO,REPORT_NO,ORIGINAL_FILENAME,RENAMED_FILENAME,REG_DATE) values (20,21,'img1.daumcdn.jpg','20210426_215634157_255.jpg',to_date('21/04/26','RR/MM/DD'));
Insert into FR0GMARKET.R_ATTACH (NO,REPORT_NO,ORIGINAL_FILENAME,RENAMED_FILENAME,REG_DATE) values (21,22,'unnamed.jpg','20210426_215715020_570.jpg',to_date('21/04/26','RR/MM/DD'));
Insert into FR0GMARKET.R_ATTACH (NO,REPORT_NO,ORIGINAL_FILENAME,RENAMED_FILENAME,REG_DATE) values (1,1,'piuija-munja_.jpg','20210426_204748480_805.jpg',to_date('21/04/26','RR/MM/DD'));
Insert into FR0GMARKET.R_ATTACH (NO,REPORT_NO,ORIGINAL_FILENAME,RENAMED_FILENAME,REG_DATE) values (10,11,'msedge_hgeU8eZ4Bx.jpg','20210426_213942253_949.jpg',to_date('21/04/26','RR/MM/DD'));
Insert into FR0GMARKET.R_ATTACH (NO,REPORT_NO,ORIGINAL_FILENAME,RENAMED_FILENAME,REG_DATE) values (13,14,'쿠폰사기.jpg','20210426_214727120_107.jpg',to_date('21/04/26','RR/MM/DD'));
Insert into FR0GMARKET.R_ATTACH (NO,REPORT_NO,ORIGINAL_FILENAME,RENAMED_FILENAME,REG_DATE) values (14,15,'msedge_EqCExGlZX9.jpg','20210426_214747181_863.jpg',to_date('21/04/26','RR/MM/DD'));
Insert into FR0GMARKET.R_ATTACH (NO,REPORT_NO,ORIGINAL_FILENAME,RENAMED_FILENAME,REG_DATE) values (16,17,'dHZjTbB.png','20210426_215204005_739.png',to_date('21/04/26','RR/MM/DD'));
Insert into FR0GMARKET.R_ATTACH (NO,REPORT_NO,ORIGINAL_FILENAME,RENAMED_FILENAME,REG_DATE) values (22,23,'중고사기2.jpg','20210426_220019356_292.jpg',to_date('21/04/26','RR/MM/DD'));
Insert into FR0GMARKET.R_ATTACH (NO,REPORT_NO,ORIGINAL_FILENAME,RENAMED_FILENAME,REG_DATE) values (23,24,'중고사기3.jpg','20210426_220251030_246.jpg',to_date('21/04/26','RR/MM/DD'));
Insert into FR0GMARKET.R_ATTACH (NO,REPORT_NO,ORIGINAL_FILENAME,RENAMED_FILENAME,REG_DATE) values (25,26,'다운로드.jpeg','20210427_225831509_509.jpeg',to_date('21/04/27','RR/MM/DD'));
REM INSERTING into FR0GMARKET.R_BOARD
SET DEFINE OFF;
Insert into FR0GMARKET.R_BOARD (REPORT_NO,MEMBER_ID,MEMBER_REPORT_ID,REG_DATE,CONTENT) values (2,'mini12','tiiq12',to_date('21/04/26','RR/MM/DD'),'사기당했습니다 보고 조심하세요');
Insert into FR0GMARKET.R_BOARD (REPORT_NO,MEMBER_ID,MEMBER_REPORT_ID,REG_DATE,CONTENT) values (3,'Aguest','tiiq12',to_date('21/04/26','RR/MM/DD'),'장난하시나요?');
Insert into FR0GMARKET.R_BOARD (REPORT_NO,MEMBER_ID,MEMBER_REPORT_ID,REG_DATE,CONTENT) values (4,'Aguest','yq88csa',to_date('21/04/26','RR/MM/DD'),'짜증나네요 진심');
Insert into FR0GMARKET.R_BOARD (REPORT_NO,MEMBER_ID,MEMBER_REPORT_ID,REG_DATE,CONTENT) values (6,'tt12','a123adad',to_date('21/04/26','RR/MM/DD'),'진짜 가지가지 하네요');
Insert into FR0GMARKET.R_BOARD (REPORT_NO,MEMBER_ID,MEMBER_REPORT_ID,REG_DATE,CONTENT) values (7,'u1zang','bestWish05',to_date('21/04/26','RR/MM/DD'),'이럴거면 왜 연락을 합니까? 할짓 없나요? 진심 개빡지네요');
Insert into FR0GMARKET.R_BOARD (REPORT_NO,MEMBER_ID,MEMBER_REPORT_ID,REG_DATE,CONTENT) values (8,'u1zang','nuna16',to_date('21/04/26','RR/MM/DD'),'그만하세요 좀;');
Insert into FR0GMARKET.R_BOARD (REPORT_NO,MEMBER_ID,MEMBER_REPORT_ID,REG_DATE,CONTENT) values (18,'newuser','frog2',to_date('21/04/26','RR/MM/DD'),'갤럭시 대신 벽돌이 왔습니다');
Insert into FR0GMARKET.R_BOARD (REPORT_NO,MEMBER_ID,MEMBER_REPORT_ID,REG_DATE,CONTENT) values (19,'rabbit','star-wife',to_date('21/04/26','RR/MM/DD'),'건강 보조제를 판다고하고 직거래 유도후

납치를 하려고 했습니다.!');
Insert into FR0GMARKET.R_BOARD (REPORT_NO,MEMBER_ID,MEMBER_REPORT_ID,REG_DATE,CONTENT) values (20,'newuser2','sinsa',to_date('21/04/26','RR/MM/DD'),'쓰레기가 대신 왓네요..');
Insert into FR0GMARKET.R_BOARD (REPORT_NO,MEMBER_ID,MEMBER_REPORT_ID,REG_DATE,CONTENT) values (5,'tt12','yq88csa',to_date('21/04/26','RR/MM/DD'),'뭐지 진심인가?');
Insert into FR0GMARKET.R_BOARD (REPORT_NO,MEMBER_ID,MEMBER_REPORT_ID,REG_DATE,CONTENT) values (12,'frog1','frog2',to_date('21/04/26','RR/MM/DD'),'신발을 구매했는데 심하게 훼손되어 있었습니다.
판매자에게 따지니 적반하장 태도로 나옵니다');
Insert into FR0GMARKET.R_BOARD (REPORT_NO,MEMBER_ID,MEMBER_REPORT_ID,REG_DATE,CONTENT) values (13,'frog2','frog3',to_date('21/04/26','RR/MM/DD'),'애플팬슬을 구매');
Insert into FR0GMARKET.R_BOARD (REPORT_NO,MEMBER_ID,MEMBER_REPORT_ID,REG_DATE,CONTENT) values (16,'newuser','qwerty',to_date('21/04/26','RR/MM/DD'),'노트북 대신 면이 왔어요');
Insert into FR0GMARKET.R_BOARD (REPORT_NO,MEMBER_ID,MEMBER_REPORT_ID,REG_DATE,CONTENT) values (21,'newuser3','qwerty',to_date('21/04/26','RR/MM/DD'),'아이폰 대신 벽돌이 왔습니다.');
Insert into FR0GMARKET.R_BOARD (REPORT_NO,MEMBER_ID,MEMBER_REPORT_ID,REG_DATE,CONTENT) values (22,'newuser3','honggd',to_date('21/04/26','RR/MM/DD'),'택배상자에 이런게 들어있네요');
Insert into FR0GMARKET.R_BOARD (REPORT_NO,MEMBER_ID,MEMBER_REPORT_ID,REG_DATE,CONTENT) values (1,'mini12','bestWish05',to_date('21/04/26','RR/MM/DD'),'사기당했습니다');
Insert into FR0GMARKET.R_BOARD (REPORT_NO,MEMBER_ID,MEMBER_REPORT_ID,REG_DATE,CONTENT) values (11,'qwerty','sinsa',to_date('21/04/26','RR/MM/DD'),'쓰던 거를 파네요. 조심하세요.');
Insert into FR0GMARKET.R_BOARD (REPORT_NO,MEMBER_ID,MEMBER_REPORT_ID,REG_DATE,CONTENT) values (14,'frog3','mini12',to_date('21/04/26','RR/MM/DD'),'쿠폰번호를 샀는데 이미 등록된 번호였고
돈을 환불해 준다고 해놓고 잠수를 탔습니다');
Insert into FR0GMARKET.R_BOARD (REPORT_NO,MEMBER_ID,MEMBER_REPORT_ID,REG_DATE,CONTENT) values (15,'sinsa','qwerty',to_date('21/04/26','RR/MM/DD'),'깨진걸 파네요');
Insert into FR0GMARKET.R_BOARD (REPORT_NO,MEMBER_ID,MEMBER_REPORT_ID,REG_DATE,CONTENT) values (17,'newuser','frog1',to_date('21/04/26','RR/MM/DD'),'신발 대신 미트볼이 왔습니다');
Insert into FR0GMARKET.R_BOARD (REPORT_NO,MEMBER_ID,MEMBER_REPORT_ID,REG_DATE,CONTENT) values (23,'Alice','GgaGgoung',to_date('21/04/26','RR/MM/DD'),'방금 택배거래 했는데 당한거 같습니다.

연락도 안되네요.');
Insert into FR0GMARKET.R_BOARD (REPORT_NO,MEMBER_ID,MEMBER_REPORT_ID,REG_DATE,CONTENT) values (24,'rabbit','ainseng',to_date('21/04/26','RR/MM/DD'),'인생 덧없음

사기나 당하고');
Insert into FR0GMARKET.R_BOARD (REPORT_NO,MEMBER_ID,MEMBER_REPORT_ID,REG_DATE,CONTENT) values (26,'mini12','bestWish05',to_date('21/04/27','RR/MM/DD'),'상품을 거래했는데 이런걸 보내주네요 다른 분들은 사기당하지 마세요');
--------------------------------------------------------
--  DDL for Index PK_CART
--------------------------------------------------------

  CREATE UNIQUE INDEX "FR0GMARKET"."PK_CART" ON "FR0GMARKET"."CART" ("BASKET_NO", "MEMBER_ID", "BOARD_NO") 
  PCTFREE 10 INITRANS 2 MAXTRANS 255 COMPUTE STATISTICS 
  STORAGE(INITIAL 65536 NEXT 1048576 MINEXTENTS 1 MAXEXTENTS 2147483645
  PCTINCREASE 0 FREELISTS 1 FREELIST GROUPS 1 BUFFER_POOL DEFAULT FLASH_CACHE DEFAULT CELL_FLASH_CACHE DEFAULT)
  TABLESPACE "USERS" ;
--------------------------------------------------------
--  DDL for Index PK_MEMBER
--------------------------------------------------------

  CREATE UNIQUE INDEX "FR0GMARKET"."PK_MEMBER" ON "FR0GMARKET"."MEMBER" ("MEMBER_ID") 
  PCTFREE 10 INITRANS 2 MAXTRANS 255 COMPUTE STATISTICS 
  STORAGE(INITIAL 65536 NEXT 1048576 MINEXTENTS 1 MAXEXTENTS 2147483645
  PCTINCREASE 0 FREELISTS 1 FREELIST GROUPS 1 BUFFER_POOL DEFAULT FLASH_CACHE DEFAULT CELL_FLASH_CACHE DEFAULT)
  TABLESPACE "USERS" ;
--------------------------------------------------------
--  DDL for Index PK_M_ATTACH
--------------------------------------------------------

  CREATE UNIQUE INDEX "FR0GMARKET"."PK_M_ATTACH" ON "FR0GMARKET"."M_ATTACH" ("NO", "MEMBER_ID") 
  PCTFREE 10 INITRANS 2 MAXTRANS 255 COMPUTE STATISTICS 
  STORAGE(INITIAL 65536 NEXT 1048576 MINEXTENTS 1 MAXEXTENTS 2147483645
  PCTINCREASE 0 FREELISTS 1 FREELIST GROUPS 1 BUFFER_POOL DEFAULT FLASH_CACHE DEFAULT CELL_FLASH_CACHE DEFAULT)
  TABLESPACE "USERS" ;
--------------------------------------------------------
--  DDL for Index PK_M_REVIEW
--------------------------------------------------------

  CREATE UNIQUE INDEX "FR0GMARKET"."PK_M_REVIEW" ON "FR0GMARKET"."M_REVIEW" ("AFTER_COMMENT_NO") 
  PCTFREE 10 INITRANS 2 MAXTRANS 255 COMPUTE STATISTICS 
  STORAGE(INITIAL 65536 NEXT 1048576 MINEXTENTS 1 MAXEXTENTS 2147483645
  PCTINCREASE 0 FREELISTS 1 FREELIST GROUPS 1 BUFFER_POOL DEFAULT FLASH_CACHE DEFAULT CELL_FLASH_CACHE DEFAULT)
  TABLESPACE "USERS" ;
--------------------------------------------------------
--  DDL for Index PK_P_ATTACH
--------------------------------------------------------

  CREATE UNIQUE INDEX "FR0GMARKET"."PK_P_ATTACH" ON "FR0GMARKET"."P_ATTACH" ("NO", "BOARD_NO") 
  PCTFREE 10 INITRANS 2 MAXTRANS 255 COMPUTE STATISTICS 
  STORAGE(INITIAL 65536 NEXT 1048576 MINEXTENTS 1 MAXEXTENTS 2147483645
  PCTINCREASE 0 FREELISTS 1 FREELIST GROUPS 1 BUFFER_POOL DEFAULT FLASH_CACHE DEFAULT CELL_FLASH_CACHE DEFAULT)
  TABLESPACE "USERS" ;
--------------------------------------------------------
--  DDL for Index PK_P_BOARD
--------------------------------------------------------

  CREATE UNIQUE INDEX "FR0GMARKET"."PK_P_BOARD" ON "FR0GMARKET"."P_BOARD" ("BOARD_NO") 
  PCTFREE 10 INITRANS 2 MAXTRANS 255 COMPUTE STATISTICS 
  STORAGE(INITIAL 65536 NEXT 1048576 MINEXTENTS 1 MAXEXTENTS 2147483645
  PCTINCREASE 0 FREELISTS 1 FREELIST GROUPS 1 BUFFER_POOL DEFAULT FLASH_CACHE DEFAULT CELL_FLASH_CACHE DEFAULT)
  TABLESPACE "USERS" ;
--------------------------------------------------------
--  DDL for Index PK_REPLY
--------------------------------------------------------

  CREATE UNIQUE INDEX "FR0GMARKET"."PK_REPLY" ON "FR0GMARKET"."REPLY" ("NO", "BOARD_NO") 
  PCTFREE 10 INITRANS 2 MAXTRANS 255 COMPUTE STATISTICS 
  STORAGE(INITIAL 65536 NEXT 1048576 MINEXTENTS 1 MAXEXTENTS 2147483645
  PCTINCREASE 0 FREELISTS 1 FREELIST GROUPS 1 BUFFER_POOL DEFAULT FLASH_CACHE DEFAULT CELL_FLASH_CACHE DEFAULT)
  TABLESPACE "USERS" ;
--------------------------------------------------------
--  DDL for Index PK_R_ATTACH
--------------------------------------------------------

  CREATE UNIQUE INDEX "FR0GMARKET"."PK_R_ATTACH" ON "FR0GMARKET"."R_ATTACH" ("NO", "REPORT_NO") 
  PCTFREE 10 INITRANS 2 MAXTRANS 255 COMPUTE STATISTICS 
  STORAGE(INITIAL 65536 NEXT 1048576 MINEXTENTS 1 MAXEXTENTS 2147483645
  PCTINCREASE 0 FREELISTS 1 FREELIST GROUPS 1 BUFFER_POOL DEFAULT FLASH_CACHE DEFAULT CELL_FLASH_CACHE DEFAULT)
  TABLESPACE "USERS" ;
--------------------------------------------------------
--  DDL for Index PK_R_BOARD
--------------------------------------------------------

  CREATE UNIQUE INDEX "FR0GMARKET"."PK_R_BOARD" ON "FR0GMARKET"."R_BOARD" ("REPORT_NO") 
  PCTFREE 10 INITRANS 2 MAXTRANS 255 COMPUTE STATISTICS 
  STORAGE(INITIAL 65536 NEXT 1048576 MINEXTENTS 1 MAXEXTENTS 2147483645
  PCTINCREASE 0 FREELISTS 1 FREELIST GROUPS 1 BUFFER_POOL DEFAULT FLASH_CACHE DEFAULT CELL_FLASH_CACHE DEFAULT)
  TABLESPACE "USERS" ;
--------------------------------------------------------
--  DDL for Index SYS_C009847
--------------------------------------------------------

  CREATE UNIQUE INDEX "FR0GMARKET"."SYS_C009847" ON "FR0GMARKET"."NOTICE" ("NO") 
  PCTFREE 10 INITRANS 2 MAXTRANS 255 COMPUTE STATISTICS 
  STORAGE(INITIAL 65536 NEXT 1048576 MINEXTENTS 1 MAXEXTENTS 2147483645
  PCTINCREASE 0 FREELISTS 1 FREELIST GROUPS 1 BUFFER_POOL DEFAULT FLASH_CACHE DEFAULT CELL_FLASH_CACHE DEFAULT)
  TABLESPACE "USERS" ;
--------------------------------------------------------
--  DDL for Index PK_CART
--------------------------------------------------------

  CREATE UNIQUE INDEX "FR0GMARKET"."PK_CART" ON "FR0GMARKET"."CART" ("BASKET_NO", "MEMBER_ID", "BOARD_NO") 
  PCTFREE 10 INITRANS 2 MAXTRANS 255 COMPUTE STATISTICS 
  STORAGE(INITIAL 65536 NEXT 1048576 MINEXTENTS 1 MAXEXTENTS 2147483645
  PCTINCREASE 0 FREELISTS 1 FREELIST GROUPS 1 BUFFER_POOL DEFAULT FLASH_CACHE DEFAULT CELL_FLASH_CACHE DEFAULT)
  TABLESPACE "USERS" ;
--------------------------------------------------------
--  DDL for Index PK_MEMBER
--------------------------------------------------------

  CREATE UNIQUE INDEX "FR0GMARKET"."PK_MEMBER" ON "FR0GMARKET"."MEMBER" ("MEMBER_ID") 
  PCTFREE 10 INITRANS 2 MAXTRANS 255 COMPUTE STATISTICS 
  STORAGE(INITIAL 65536 NEXT 1048576 MINEXTENTS 1 MAXEXTENTS 2147483645
  PCTINCREASE 0 FREELISTS 1 FREELIST GROUPS 1 BUFFER_POOL DEFAULT FLASH_CACHE DEFAULT CELL_FLASH_CACHE DEFAULT)
  TABLESPACE "USERS" ;
--------------------------------------------------------
--  DDL for Index PK_M_ATTACH
--------------------------------------------------------

  CREATE UNIQUE INDEX "FR0GMARKET"."PK_M_ATTACH" ON "FR0GMARKET"."M_ATTACH" ("NO", "MEMBER_ID") 
  PCTFREE 10 INITRANS 2 MAXTRANS 255 COMPUTE STATISTICS 
  STORAGE(INITIAL 65536 NEXT 1048576 MINEXTENTS 1 MAXEXTENTS 2147483645
  PCTINCREASE 0 FREELISTS 1 FREELIST GROUPS 1 BUFFER_POOL DEFAULT FLASH_CACHE DEFAULT CELL_FLASH_CACHE DEFAULT)
  TABLESPACE "USERS" ;
--------------------------------------------------------
--  DDL for Index PK_M_REVIEW
--------------------------------------------------------

  CREATE UNIQUE INDEX "FR0GMARKET"."PK_M_REVIEW" ON "FR0GMARKET"."M_REVIEW" ("AFTER_COMMENT_NO") 
  PCTFREE 10 INITRANS 2 MAXTRANS 255 COMPUTE STATISTICS 
  STORAGE(INITIAL 65536 NEXT 1048576 MINEXTENTS 1 MAXEXTENTS 2147483645
  PCTINCREASE 0 FREELISTS 1 FREELIST GROUPS 1 BUFFER_POOL DEFAULT FLASH_CACHE DEFAULT CELL_FLASH_CACHE DEFAULT)
  TABLESPACE "USERS" ;
--------------------------------------------------------
--  DDL for Index SYS_C009847
--------------------------------------------------------

  CREATE UNIQUE INDEX "FR0GMARKET"."SYS_C009847" ON "FR0GMARKET"."NOTICE" ("NO") 
  PCTFREE 10 INITRANS 2 MAXTRANS 255 COMPUTE STATISTICS 
  STORAGE(INITIAL 65536 NEXT 1048576 MINEXTENTS 1 MAXEXTENTS 2147483645
  PCTINCREASE 0 FREELISTS 1 FREELIST GROUPS 1 BUFFER_POOL DEFAULT FLASH_CACHE DEFAULT CELL_FLASH_CACHE DEFAULT)
  TABLESPACE "USERS" ;
--------------------------------------------------------
--  DDL for Index PK_P_ATTACH
--------------------------------------------------------

  CREATE UNIQUE INDEX "FR0GMARKET"."PK_P_ATTACH" ON "FR0GMARKET"."P_ATTACH" ("NO", "BOARD_NO") 
  PCTFREE 10 INITRANS 2 MAXTRANS 255 COMPUTE STATISTICS 
  STORAGE(INITIAL 65536 NEXT 1048576 MINEXTENTS 1 MAXEXTENTS 2147483645
  PCTINCREASE 0 FREELISTS 1 FREELIST GROUPS 1 BUFFER_POOL DEFAULT FLASH_CACHE DEFAULT CELL_FLASH_CACHE DEFAULT)
  TABLESPACE "USERS" ;
--------------------------------------------------------
--  DDL for Index PK_P_BOARD
--------------------------------------------------------

  CREATE UNIQUE INDEX "FR0GMARKET"."PK_P_BOARD" ON "FR0GMARKET"."P_BOARD" ("BOARD_NO") 
  PCTFREE 10 INITRANS 2 MAXTRANS 255 COMPUTE STATISTICS 
  STORAGE(INITIAL 65536 NEXT 1048576 MINEXTENTS 1 MAXEXTENTS 2147483645
  PCTINCREASE 0 FREELISTS 1 FREELIST GROUPS 1 BUFFER_POOL DEFAULT FLASH_CACHE DEFAULT CELL_FLASH_CACHE DEFAULT)
  TABLESPACE "USERS" ;
--------------------------------------------------------
--  DDL for Index PK_REPLY
--------------------------------------------------------

  CREATE UNIQUE INDEX "FR0GMARKET"."PK_REPLY" ON "FR0GMARKET"."REPLY" ("NO", "BOARD_NO") 
  PCTFREE 10 INITRANS 2 MAXTRANS 255 COMPUTE STATISTICS 
  STORAGE(INITIAL 65536 NEXT 1048576 MINEXTENTS 1 MAXEXTENTS 2147483645
  PCTINCREASE 0 FREELISTS 1 FREELIST GROUPS 1 BUFFER_POOL DEFAULT FLASH_CACHE DEFAULT CELL_FLASH_CACHE DEFAULT)
  TABLESPACE "USERS" ;
--------------------------------------------------------
--  DDL for Index PK_R_ATTACH
--------------------------------------------------------

  CREATE UNIQUE INDEX "FR0GMARKET"."PK_R_ATTACH" ON "FR0GMARKET"."R_ATTACH" ("NO", "REPORT_NO") 
  PCTFREE 10 INITRANS 2 MAXTRANS 255 COMPUTE STATISTICS 
  STORAGE(INITIAL 65536 NEXT 1048576 MINEXTENTS 1 MAXEXTENTS 2147483645
  PCTINCREASE 0 FREELISTS 1 FREELIST GROUPS 1 BUFFER_POOL DEFAULT FLASH_CACHE DEFAULT CELL_FLASH_CACHE DEFAULT)
  TABLESPACE "USERS" ;
--------------------------------------------------------
--  DDL for Index PK_R_BOARD
--------------------------------------------------------

  CREATE UNIQUE INDEX "FR0GMARKET"."PK_R_BOARD" ON "FR0GMARKET"."R_BOARD" ("REPORT_NO") 
  PCTFREE 10 INITRANS 2 MAXTRANS 255 COMPUTE STATISTICS 
  STORAGE(INITIAL 65536 NEXT 1048576 MINEXTENTS 1 MAXEXTENTS 2147483645
  PCTINCREASE 0 FREELISTS 1 FREELIST GROUPS 1 BUFFER_POOL DEFAULT FLASH_CACHE DEFAULT CELL_FLASH_CACHE DEFAULT)
  TABLESPACE "USERS" ;
--------------------------------------------------------
--  Constraints for Table CART
--------------------------------------------------------

  ALTER TABLE "FR0GMARKET"."CART" ADD CONSTRAINT "PK_CART" PRIMARY KEY ("BASKET_NO", "MEMBER_ID", "BOARD_NO")
  USING INDEX PCTFREE 10 INITRANS 2 MAXTRANS 255 COMPUTE STATISTICS 
  STORAGE(INITIAL 65536 NEXT 1048576 MINEXTENTS 1 MAXEXTENTS 2147483645
  PCTINCREASE 0 FREELISTS 1 FREELIST GROUPS 1 BUFFER_POOL DEFAULT FLASH_CACHE DEFAULT CELL_FLASH_CACHE DEFAULT)
  TABLESPACE "USERS"  ENABLE;
  ALTER TABLE "FR0GMARKET"."CART" MODIFY ("BOARD_NO" NOT NULL ENABLE);
  ALTER TABLE "FR0GMARKET"."CART" MODIFY ("MEMBER_ID" NOT NULL ENABLE);
  ALTER TABLE "FR0GMARKET"."CART" MODIFY ("BASKET_NO" NOT NULL ENABLE);
--------------------------------------------------------
--  Constraints for Table MEMBER
--------------------------------------------------------

  ALTER TABLE "FR0GMARKET"."MEMBER" ADD CONSTRAINT "CK_MEMBER_ROLE" CHECK (member_role in ('U','A')) ENABLE;
  ALTER TABLE "FR0GMARKET"."MEMBER" ADD CONSTRAINT "PK_MEMBER" PRIMARY KEY ("MEMBER_ID")
  USING INDEX PCTFREE 10 INITRANS 2 MAXTRANS 255 COMPUTE STATISTICS 
  STORAGE(INITIAL 65536 NEXT 1048576 MINEXTENTS 1 MAXEXTENTS 2147483645
  PCTINCREASE 0 FREELISTS 1 FREELIST GROUPS 1 BUFFER_POOL DEFAULT FLASH_CACHE DEFAULT CELL_FLASH_CACHE DEFAULT)
  TABLESPACE "USERS"  ENABLE;
  ALTER TABLE "FR0GMARKET"."MEMBER" MODIFY ("NICK_ID" NOT NULL ENABLE);
  ALTER TABLE "FR0GMARKET"."MEMBER" MODIFY ("GOOD_SCORE" NOT NULL ENABLE);
  ALTER TABLE "FR0GMARKET"."MEMBER" MODIFY ("ENROLL_DATE" NOT NULL ENABLE);
  ALTER TABLE "FR0GMARKET"."MEMBER" MODIFY ("EMAIL" NOT NULL ENABLE);
  ALTER TABLE "FR0GMARKET"."MEMBER" MODIFY ("PHONE" NOT NULL ENABLE);
  ALTER TABLE "FR0GMARKET"."MEMBER" MODIFY ("MEMBER_ROLE" NOT NULL ENABLE);
  ALTER TABLE "FR0GMARKET"."MEMBER" MODIFY ("PASSWORD" NOT NULL ENABLE);
  ALTER TABLE "FR0GMARKET"."MEMBER" MODIFY ("MEMBER_ID" NOT NULL ENABLE);
--------------------------------------------------------
--  Constraints for Table M_ATTACH
--------------------------------------------------------

  ALTER TABLE "FR0GMARKET"."M_ATTACH" ADD CONSTRAINT "PK_M_ATTACH" PRIMARY KEY ("NO", "MEMBER_ID")
  USING INDEX PCTFREE 10 INITRANS 2 MAXTRANS 255 COMPUTE STATISTICS 
  STORAGE(INITIAL 65536 NEXT 1048576 MINEXTENTS 1 MAXEXTENTS 2147483645
  PCTINCREASE 0 FREELISTS 1 FREELIST GROUPS 1 BUFFER_POOL DEFAULT FLASH_CACHE DEFAULT CELL_FLASH_CACHE DEFAULT)
  TABLESPACE "USERS"  ENABLE;
  ALTER TABLE "FR0GMARKET"."M_ATTACH" MODIFY ("RENAMED_FILENAME" NOT NULL ENABLE);
  ALTER TABLE "FR0GMARKET"."M_ATTACH" MODIFY ("ORIGINAL_FILENAME" NOT NULL ENABLE);
  ALTER TABLE "FR0GMARKET"."M_ATTACH" MODIFY ("MEMBER_ID" NOT NULL ENABLE);
  ALTER TABLE "FR0GMARKET"."M_ATTACH" MODIFY ("NO" NOT NULL ENABLE);
--------------------------------------------------------
--  Constraints for Table M_REVIEW
--------------------------------------------------------

  ALTER TABLE "FR0GMARKET"."M_REVIEW" ADD CONSTRAINT "PK_M_REVIEW" PRIMARY KEY ("AFTER_COMMENT_NO")
  USING INDEX PCTFREE 10 INITRANS 2 MAXTRANS 255 COMPUTE STATISTICS 
  STORAGE(INITIAL 65536 NEXT 1048576 MINEXTENTS 1 MAXEXTENTS 2147483645
  PCTINCREASE 0 FREELISTS 1 FREELIST GROUPS 1 BUFFER_POOL DEFAULT FLASH_CACHE DEFAULT CELL_FLASH_CACHE DEFAULT)
  TABLESPACE "USERS"  ENABLE;
  ALTER TABLE "FR0GMARKET"."M_REVIEW" MODIFY ("AFTER_COMMENT" NOT NULL ENABLE);
  ALTER TABLE "FR0GMARKET"."M_REVIEW" MODIFY ("MEMBER_ID" NOT NULL ENABLE);
  ALTER TABLE "FR0GMARKET"."M_REVIEW" MODIFY ("AFTER_COMMENT_NO" NOT NULL ENABLE);
--------------------------------------------------------
--  Constraints for Table NOTICE
--------------------------------------------------------

  ALTER TABLE "FR0GMARKET"."NOTICE" ADD PRIMARY KEY ("NO")
  USING INDEX PCTFREE 10 INITRANS 2 MAXTRANS 255 COMPUTE STATISTICS 
  STORAGE(INITIAL 65536 NEXT 1048576 MINEXTENTS 1 MAXEXTENTS 2147483645
  PCTINCREASE 0 FREELISTS 1 FREELIST GROUPS 1 BUFFER_POOL DEFAULT FLASH_CACHE DEFAULT CELL_FLASH_CACHE DEFAULT)
  TABLESPACE "USERS"  ENABLE;
  ALTER TABLE "FR0GMARKET"."NOTICE" MODIFY ("CONTENT" NOT NULL ENABLE);
  ALTER TABLE "FR0GMARKET"."NOTICE" MODIFY ("TITLE" NOT NULL ENABLE);
  ALTER TABLE "FR0GMARKET"."NOTICE" MODIFY ("RECEIVER_ID" NOT NULL ENABLE);
  ALTER TABLE "FR0GMARKET"."NOTICE" MODIFY ("SENDER_ID" NOT NULL ENABLE);
  ALTER TABLE "FR0GMARKET"."NOTICE" MODIFY ("BOARD_NO" NOT NULL ENABLE);
--------------------------------------------------------
--  Constraints for Table P_ATTACH
--------------------------------------------------------

  ALTER TABLE "FR0GMARKET"."P_ATTACH" ADD CONSTRAINT "PK_P_ATTACH" PRIMARY KEY ("NO", "BOARD_NO")
  USING INDEX PCTFREE 10 INITRANS 2 MAXTRANS 255 COMPUTE STATISTICS 
  STORAGE(INITIAL 65536 NEXT 1048576 MINEXTENTS 1 MAXEXTENTS 2147483645
  PCTINCREASE 0 FREELISTS 1 FREELIST GROUPS 1 BUFFER_POOL DEFAULT FLASH_CACHE DEFAULT CELL_FLASH_CACHE DEFAULT)
  TABLESPACE "USERS"  ENABLE;
  ALTER TABLE "FR0GMARKET"."P_ATTACH" MODIFY ("RENAMED_FILENAME" NOT NULL ENABLE);
  ALTER TABLE "FR0GMARKET"."P_ATTACH" MODIFY ("ORIGINAL_FILENAME" NOT NULL ENABLE);
  ALTER TABLE "FR0GMARKET"."P_ATTACH" MODIFY ("BOARD_NO" NOT NULL ENABLE);
  ALTER TABLE "FR0GMARKET"."P_ATTACH" MODIFY ("NO" NOT NULL ENABLE);
--------------------------------------------------------
--  Constraints for Table P_BOARD
--------------------------------------------------------

  ALTER TABLE "FR0GMARKET"."P_BOARD" ADD CONSTRAINT "PK_P_BOARD" PRIMARY KEY ("BOARD_NO")
  USING INDEX PCTFREE 10 INITRANS 2 MAXTRANS 255 COMPUTE STATISTICS 
  STORAGE(INITIAL 65536 NEXT 1048576 MINEXTENTS 1 MAXEXTENTS 2147483645
  PCTINCREASE 0 FREELISTS 1 FREELIST GROUPS 1 BUFFER_POOL DEFAULT FLASH_CACHE DEFAULT CELL_FLASH_CACHE DEFAULT)
  TABLESPACE "USERS"  ENABLE;
  ALTER TABLE "FR0GMARKET"."P_BOARD" MODIFY ("AREA_INFO" NOT NULL ENABLE);
  ALTER TABLE "FR0GMARKET"."P_BOARD" MODIFY ("DESCRIPTION" NOT NULL ENABLE);
  ALTER TABLE "FR0GMARKET"."P_BOARD" MODIFY ("SELL_PRICE" NOT NULL ENABLE);
  ALTER TABLE "FR0GMARKET"."P_BOARD" MODIFY ("STATUS" NOT NULL ENABLE);
  ALTER TABLE "FR0GMARKET"."P_BOARD" MODIFY ("TITLE" NOT NULL ENABLE);
  ALTER TABLE "FR0GMARKET"."P_BOARD" MODIFY ("SELLER_ID" NOT NULL ENABLE);
  ALTER TABLE "FR0GMARKET"."P_BOARD" MODIFY ("BOARD_NO" NOT NULL ENABLE);
--------------------------------------------------------
--  Constraints for Table REPLY
--------------------------------------------------------

  ALTER TABLE "FR0GMARKET"."REPLY" ADD CONSTRAINT "PK_REPLY" PRIMARY KEY ("NO", "BOARD_NO")
  USING INDEX PCTFREE 10 INITRANS 2 MAXTRANS 255 COMPUTE STATISTICS 
  STORAGE(INITIAL 65536 NEXT 1048576 MINEXTENTS 1 MAXEXTENTS 2147483645
  PCTINCREASE 0 FREELISTS 1 FREELIST GROUPS 1 BUFFER_POOL DEFAULT FLASH_CACHE DEFAULT CELL_FLASH_CACHE DEFAULT)
  TABLESPACE "USERS"  ENABLE;
  ALTER TABLE "FR0GMARKET"."REPLY" MODIFY ("CONTENT" NOT NULL ENABLE);
  ALTER TABLE "FR0GMARKET"."REPLY" MODIFY ("MEMBER_ID" NOT NULL ENABLE);
  ALTER TABLE "FR0GMARKET"."REPLY" MODIFY ("BOARD_NO" NOT NULL ENABLE);
  ALTER TABLE "FR0GMARKET"."REPLY" MODIFY ("NO" NOT NULL ENABLE);
--------------------------------------------------------
--  Constraints for Table R_ATTACH
--------------------------------------------------------

  ALTER TABLE "FR0GMARKET"."R_ATTACH" ADD CONSTRAINT "PK_R_ATTACH" PRIMARY KEY ("NO", "REPORT_NO")
  USING INDEX PCTFREE 10 INITRANS 2 MAXTRANS 255 COMPUTE STATISTICS 
  STORAGE(INITIAL 65536 NEXT 1048576 MINEXTENTS 1 MAXEXTENTS 2147483645
  PCTINCREASE 0 FREELISTS 1 FREELIST GROUPS 1 BUFFER_POOL DEFAULT FLASH_CACHE DEFAULT CELL_FLASH_CACHE DEFAULT)
  TABLESPACE "USERS"  ENABLE;
  ALTER TABLE "FR0GMARKET"."R_ATTACH" MODIFY ("RENAMED_FILENAME" NOT NULL ENABLE);
  ALTER TABLE "FR0GMARKET"."R_ATTACH" MODIFY ("ORIGINAL_FILENAME" NOT NULL ENABLE);
  ALTER TABLE "FR0GMARKET"."R_ATTACH" MODIFY ("REPORT_NO" NOT NULL ENABLE);
  ALTER TABLE "FR0GMARKET"."R_ATTACH" MODIFY ("NO" NOT NULL ENABLE);
--------------------------------------------------------
--  Constraints for Table R_BOARD
--------------------------------------------------------

  ALTER TABLE "FR0GMARKET"."R_BOARD" ADD CONSTRAINT "PK_R_BOARD" PRIMARY KEY ("REPORT_NO")
  USING INDEX PCTFREE 10 INITRANS 2 MAXTRANS 255 COMPUTE STATISTICS 
  STORAGE(INITIAL 65536 NEXT 1048576 MINEXTENTS 1 MAXEXTENTS 2147483645
  PCTINCREASE 0 FREELISTS 1 FREELIST GROUPS 1 BUFFER_POOL DEFAULT FLASH_CACHE DEFAULT CELL_FLASH_CACHE DEFAULT)
  TABLESPACE "USERS"  ENABLE;
  ALTER TABLE "FR0GMARKET"."R_BOARD" MODIFY ("CONTENT" NOT NULL ENABLE);
  ALTER TABLE "FR0GMARKET"."R_BOARD" MODIFY ("REG_DATE" NOT NULL ENABLE);
  ALTER TABLE "FR0GMARKET"."R_BOARD" MODIFY ("MEMBER_REPORT_ID" NOT NULL ENABLE);
  ALTER TABLE "FR0GMARKET"."R_BOARD" MODIFY ("MEMBER_ID" NOT NULL ENABLE);
  ALTER TABLE "FR0GMARKET"."R_BOARD" MODIFY ("REPORT_NO" NOT NULL ENABLE);
--------------------------------------------------------
--  Ref Constraints for Table CART
--------------------------------------------------------

  ALTER TABLE "FR0GMARKET"."CART" ADD CONSTRAINT "FK_MEMBER_TO_CART_1" FOREIGN KEY ("MEMBER_ID")
	  REFERENCES "FR0GMARKET"."MEMBER" ("MEMBER_ID") DISABLE;
  ALTER TABLE "FR0GMARKET"."CART" ADD CONSTRAINT "FK_P_BOARD_TO_CART_1" FOREIGN KEY ("BOARD_NO")
	  REFERENCES "FR0GMARKET"."P_BOARD" ("BOARD_NO") DISABLE;
--------------------------------------------------------
--  Ref Constraints for Table M_ATTACH
--------------------------------------------------------

  ALTER TABLE "FR0GMARKET"."M_ATTACH" ADD CONSTRAINT "FK_MEMBER_TO_M_ATTACH_1" FOREIGN KEY ("MEMBER_ID")
	  REFERENCES "FR0GMARKET"."MEMBER" ("MEMBER_ID") DISABLE;
--------------------------------------------------------
--  Ref Constraints for Table NOTICE
--------------------------------------------------------

  ALTER TABLE "FR0GMARKET"."NOTICE" ADD CONSTRAINT "FK_BOARD_NO" FOREIGN KEY ("BOARD_NO")
	  REFERENCES "FR0GMARKET"."P_BOARD" ("BOARD_NO") DISABLE;
  ALTER TABLE "FR0GMARKET"."NOTICE" ADD CONSTRAINT "FK_RECEIVER_ID" FOREIGN KEY ("RECEIVER_ID")
	  REFERENCES "FR0GMARKET"."MEMBER" ("MEMBER_ID") DISABLE;
--------------------------------------------------------
--  Ref Constraints for Table P_ATTACH
--------------------------------------------------------

  ALTER TABLE "FR0GMARKET"."P_ATTACH" ADD CONSTRAINT "FK_P_BOARD_TO_P_ATTACH_1" FOREIGN KEY ("BOARD_NO")
	  REFERENCES "FR0GMARKET"."P_BOARD" ("BOARD_NO") ON DELETE CASCADE DISABLE;
--------------------------------------------------------
--  Ref Constraints for Table REPLY
--------------------------------------------------------

  ALTER TABLE "FR0GMARKET"."REPLY" ADD CONSTRAINT "FK_P_BOARD_TO_REPLY_1" FOREIGN KEY ("BOARD_NO")
	  REFERENCES "FR0GMARKET"."P_BOARD" ("BOARD_NO") DISABLE;
--------------------------------------------------------
--  Ref Constraints for Table R_ATTACH
--------------------------------------------------------

  ALTER TABLE "FR0GMARKET"."R_ATTACH" ADD CONSTRAINT "FK_R_BOARD_TO_R_ATTACH_1" FOREIGN KEY ("REPORT_NO")
	  REFERENCES "FR0GMARKET"."R_BOARD" ("REPORT_NO") ON DELETE CASCADE DISABLE;
